Workbook

Sheet Read Me
A1: Logistics Shipment MIS & Document Verification Tracker
A2: Excel project for an MIS Executive role. All names, clients, rates, dates and amounts are fictional sample data.
A4: Sheets in this workbook
A5: Sheet | B5: What it does | C5: Excel skills shown
A6: Dashboard | B6: KPI cards, 4 charts and the tables behind them. Updates automatically. | C6: COUNTIFS, SUMIFS, charts, TEXT, DATE
A7: MIS Report | B7: Choose Daily, Weekly or Monthly and a date; all numbers rebuild for that period. | C7: Dropdown, SUMIFS / COUNTIFS / AVERAGEIFS, date logic
A8: Shipment Data | B8: Main data entry sheet: one row per shipment, with auto lookups and a Data Check per row. | C8: VLOOKUP, INDEX-MATCH, IF, Data Validation, Conditional Formatting
A9: Doc Verification | B9: Tracker for client and candidate documents: status, remark, aging and completeness check. | C9: Dropdowns, IF, COUNTIF, aging with TODAY, Conditional Formatting
A10: Data Quality | B10: Counts every type of data error and shows accuracy % and error rate %. | C10: COUNTIF, accuracy KPI
A11: Masters | B11: Rate card, client list, dropdown lists and settings (SLA days). | C11: Lookup tables, named lists
A13: How to use
A14: 1 | B14: Add shipments on Shipment Data (blue columns only). Copy the grey formula cells down for new rows.
A15: 2 | B15: Check the Data Check column (Q). Filter for anything that is not OK and fix it at the source. Only OK rows enter reports.
A16: 3 | B16: On MIS Report, pick the Report Type and Report Date (yellow cells).
A17: 4 | B17: Update document Status on Doc Verification using the dropdown. Add a remark for every Discrepancy.
A18: 5 | B18: Open Dashboard for the overall picture.
A20: Colour legend
A21: Blue text | B21: Input cell. You type or edit these.
A22: Black text, grey fill | B22: Formula. Do not overwrite.
A23: Yellow fill | B23: Selector cell (report type / date).
A24: Red row | B24: Data Check found a problem in that row.
A26: Assumptions and notes
A27: Sample data | B27: 300 fictional shipments (Apr-Sep 2026) and 120 fictional documents. Some errors were added on purpose (duplicate IDs, blanks, wrong dates, missing remarks) so the checks have something to catch.
A28: Rates and TAT | B28: Rate per kg and standard delivery days per route are made-up values on Masters. Promised Delivery = Ship Date + TAT. Freight = Weight x Rate.
A29: On-time rule | B29: A delivered shipment is On-Time if Actual Delivery <= Promised Delivery.
A30: Verification SLA | B30: 7 days (Masters B20). A Pending document older than this is Overdue.
A31: Lookups | B31: Origin, Destination and TAT use VLOOKUP; Rate uses INDEX-MATCH. XLOOKUP can replace either in Excel 2021 / 365.
A32: Formula range | B32: Report formulas read up to row 1000 (shipments) and row 500 (documents).
A34: Optional next steps (do these in Excel)
A35: PivotTable | B35: Select Shipment Data > Insert > PivotTable. Rows: Client, Columns: Month, Values: Sum of Freight Amount. Filter Data Check = OK.
A36: Power Query | B36: Data > Get Data > From File > From Folder to combine monthly shipment files into one table.

Sheet Dashboard
A1: Logistics Shipment MIS & Document Verification Dashboard
A2: Auto-updates from Shipment Data and Doc Verification. Shipment figures use only records that pass the Data Check.
A4: Total Shipments (clean) | B4: Total Freight (Rs) | C4: On-Time Delivery % | D4: Shipment Data Accuracy | E4: Docs Verified % | F4: Pending Docs | G4: Overdue Pending Docs | H4: Docs with Discrepancy
A5: =COUNTIF('Shipment Data'!$Q$2:$Q$1000,"OK") -> 279 | B5: =SUMIFS('Shipment Data'!$I$2:$I$1000,'Shipment Data'!$Q$2:$Q$1000,"OK") -> 7992228 | C5: =IF(COUNTIFS('Shipment Data'!$Q$2:$Q$1000,"OK",'Shipment Data'!$O$2:$O$1000,"Yes")+COUNTIFS('Shipment Data'!$Q$2:$Q$1000,"OK",'Shipment Data'!$O$2:$O$1000,"No")=0,"n/a",COUNTIFS('Shipment Data'!$Q$2:$Q$1000,"OK",'Shipment Data'!$O$2:$O$1000,"Yes")/(COUNTIFS('Shipment Data'!$Q$2:$Q$1000,"OK",'Shipment Data'!$O$2:$O$1000,"Yes")+COUNTIFS('Shipment Data'!$Q$2:$Q$1000,"OK",'Shipment Data'!$O$2:$O$1000,"No"))) -> 0.65441176 | D5: ='Data Quality'!B13 -> 0.93 | E5: =IF(COUNTA('Doc Verification'!$A$2:$A$500)=0,0,COUNTIF('Doc Verification'!$G$2:$G$500,"Verified")/COUNTA('Doc Verification'!$A$2:$A$500)) -> 0.70833333 | F5: =COUNTIF('Doc Verification'!$G$2:$G$500,"Pending") -> 27 | G5: =COUNTIF('Doc Verification'!$L$2:$L$500,"Overdue") -> 13 | H5: =COUNTIF('Doc Verification'!$G$2:$G$500,"Discrepancy") -> 8
A40: Data behind the charts
A41: Monthly trend | G41: Document status
A42: Month | B42: Month Start | C42: Shipments | D42: Freight (Rs) | E42: On-Time % | G42: Status | H42: Count | I42: Share
A43: =TEXT(B43,"mmm yyyy") -> Apr 2026 | B43: 46113 | C43: =COUNTIFS('Shipment Data'!$P$2:$P$1000,$B43,'Shipment Data'!$Q$2:$Q$1000,"OK") -> 23 | D43: =SUMIFS('Shipment Data'!$I$2:$I$1000,'Shipment Data'!$P$2:$P$1000,$B43,'Shipment Data'!$Q$2:$Q$1000,"OK") -> 581753 | E43: =IF(COUNTIFS('Shipment Data'!$P$2:$P$1000,$B43,'Shipment Data'!$Q$2:$Q$1000,"OK",'Shipment Data'!$O$2:$O$1000,"Yes")+COUNTIFS('Shipment Data'!$P$2:$P$1000,$B43,'Shipment Data'!$Q$2:$Q$1000,"OK",'Shipment Data'!$O$2:$O$1000,"No")=0,0,COUNTIFS('Shipment Data'!$P$2:$P$1000,$B43,'Shipment Data'!$Q$2:$Q$1000,"OK",'Shipment Data'!$O$2:$O$1000,"Yes")/(COUNTIFS('Shipment Data'!$P$2:$P$1000,$B43,'Shipment Data'!$Q$2:$Q$1000,"OK",'Shipment Data'!$O$2:$O$1000,"Yes")+COUNTIFS('Shipment Data'!$P$2:$P$1000,$B43,'Shipment Data'!$Q$2:$Q$1000,"OK",'Shipment Data'!$O$2:$O$1000,"No"))) -> 0.73913043 | G43: Verified | H43: =COUNTIF('Doc Verification'!$G$2:$G$500,G43) -> 85 | I43: =IF($H$46=0,0,H43/$H$46) -> 0.70833333
A44: =TEXT(B44,"mmm yyyy") -> May 2026 | B44: =DATE(YEAR(B43),MONTH(B43)+1,1) -> 46143 | C44: =COUNTIFS('Shipment Data'!$P$2:$P$1000,$B44,'Shipment Data'!$Q$2:$Q$1000,"OK") -> 48 | D44: =SUMIFS('Shipment Data'!$I$2:$I$1000,'Shipment Data'!$P$2:$P$1000,$B44,'Shipment Data'!$Q$2:$Q$1000,"OK") -> 1248303 | E44: =IF(COUNTIFS('Shipment Data'!$P$2:$P$1000,$B44,'Shipment Data'!$Q$2:$Q$1000,"OK",'Shipment Data'!$O$2:$O$1000,"Yes")+COUNTIFS('Shipment Data'!$P$2:$P$1000,$B44,'Shipment Data'!$Q$2:$Q$1000,"OK",'Shipment Data'!$O$2:$O$1000,"No")=0,0,COUNTIFS('Shipment Data'!$P$2:$P$1000,$B44,'Shipment Data'!$Q$2:$Q$1000,"OK",'Shipment Data'!$O$2:$O$1000,"Yes")/(COUNTIFS('Shipment Data'!$P$2:$P$1000,$B44,'Shipment Data'!$Q$2:$Q$1000,"OK",'Shipment Data'!$O$2:$O$1000,"Yes")+COUNTIFS('Shipment Data'!$P$2:$P$1000,$B44,'Shipment Data'!$Q$2:$Q$1000,"OK",'Shipment Data'!$O$2:$O$1000,"No"))) -> 0.625 | G44: Pending | H44: =COUNTIF('Doc Verification'!$G$2:$G$500,G44) -> 27 | I44: =IF($H$46=0,0,H44/$H$46) -> 0.225
A45: =TEXT(B45,"mmm yyyy") -> Jun 2026 | B45: =DATE(YEAR(B44),MONTH(B44)+1,1) -> 46174 | C45: =COUNTIFS('Shipment Data'!$P$2:$P$1000,$B45,'Shipment Data'!$Q$2:$Q$1000,"OK") -> 37 | D45: =SUMIFS('Shipment Data'!$I$2:$I$1000,'Shipment Data'!$P$2:$P$1000,$B45,'Shipment Data'!$Q$2:$Q$1000,"OK") -> 1243245 | E45: =IF(COUNTIFS('Shipment Data'!$P$2:$P$1000,$B45,'Shipment Data'!$Q$2:$Q$1000,"OK",'Shipment Data'!$O$2:$O$1000,"Yes")+COUNTIFS('Shipment Data'!$P$2:$P$1000,$B45,'Shipment Data'!$Q$2:$Q$1000,"OK",'Shipment Data'!$O$2:$O$1000,"No")=0,0,COUNTIFS('Shipment Data'!$P$2:$P$1000,$B45,'Shipment Data'!$Q$2:$Q$1000,"OK",'Shipment Data'!$O$2:$O$1000,"Yes")/(COUNTIFS('Shipment Data'!$P$2:$P$1000,$B45,'Shipment Data'!$Q$2:$Q$1000,"OK",'Shipment Data'!$O$2:$O$1000,"Yes")+COUNTIFS('Shipment Data'!$P$2:$P$1000,$B45,'Shipment Data'!$Q$2:$Q$1000,"OK",'Shipment Data'!$O$2:$O$1000,"No"))) -> 0.75675676 | G45: Discrepancy | H45: =COUNTIF('Doc Verification'!$G$2:$G$500,G45) -> 8 | I45: =IF($H$46=0,0,H45/$H$46) -> 0.066666667
A46: =TEXT(B46,"mmm yyyy") -> Jul 2026 | B46: =DATE(YEAR(B45),MONTH(B45)+1,1) -> 46204 | C46: =COUNTIFS('Shipment Data'!$P$2:$P$1000,$B46,'Shipment Data'!$Q$2:$Q$1000,"OK") -> 66 | D46: =SUMIFS('Shipment Data'!$I$2:$I$1000,'Shipment Data'!$P$2:$P$1000,$B46,'Shipment Data'!$Q$2:$Q$1000,"OK") -> 2107927 | E46: =IF(COUNTIFS('Shipment Data'!$P$2:$P$1000,$B46,'Shipment Data'!$Q$2:$Q$1000,"OK",'Shipment Data'!$O$2:$O$1000,"Yes")+COUNTIFS('Shipment Data'!$P$2:$P$1000,$B46,'Shipment Data'!$Q$2:$Q$1000,"OK",'Shipment Data'!$O$2:$O$1000,"No")=0,0,COUNTIFS('Shipment Data'!$P$2:$P$1000,$B46,'Shipment Data'!$Q$2:$Q$1000,"OK",'Shipment Data'!$O$2:$O$1000,"Yes")/(COUNTIFS('Shipment Data'!$P$2:$P$1000,$B46,'Shipment Data'!$Q$2:$Q$1000,"OK",'Shipment Data'!$O$2:$O$1000,"Yes")+COUNTIFS('Shipment Data'!$P$2:$P$1000,$B46,'Shipment Data'!$Q$2:$Q$1000,"OK",'Shipment Data'!$O$2:$O$1000,"No"))) -> 0.56060606 | G46: Total | H46: =SUM(H43:H45) -> 120 | I46: =SUM(I43:I45) -> 1
A47: =TEXT(B47,"mmm yyyy") -> Aug 2026 | B47: =DATE(YEAR(B46),MONTH(B46)+1,1) -> 46235 | C47: =COUNTIFS('Shipment Data'!$P$2:$P$1000,$B47,'Shipment Data'!$Q$2:$Q$1000,"OK") -> 64 | D47: =SUMIFS('Shipment Data'!$I$2:$I$1000,'Shipment Data'!$P$2:$P$1000,$B47,'Shipment Data'!$Q$2:$Q$1000,"OK") -> 1561381 | E47: =IF(COUNTIFS('Shipment Data'!$P$2:$P$1000,$B47,'Shipment Data'!$Q$2:$Q$1000,"OK",'Shipment Data'!$O$2:$O$1000,"Yes")+COUNTIFS('Shipment Data'!$P$2:$P$1000,$B47,'Shipment Data'!$Q$2:$Q$1000,"OK",'Shipment Data'!$O$2:$O$1000,"No")=0,0,COUNTIFS('Shipment Data'!$P$2:$P$1000,$B47,'Shipment Data'!$Q$2:$Q$1000,"OK",'Shipment Data'!$O$2:$O$1000,"Yes")/(COUNTIFS('Shipment Data'!$P$2:$P$1000,$B47,'Shipment Data'!$Q$2:$Q$1000,"OK",'Shipment Data'!$O$2:$O$1000,"Yes")+COUNTIFS('Shipment Data'!$P$2:$P$1000,$B47,'Shipment Data'!$Q$2:$Q$1000,"OK",'Shipment Data'!$O$2:$O$1000,"No"))) -> 0.640625
A48: =TEXT(B48,"mmm yyyy") -> Sep 2026 | B48: =DATE(YEAR(B47),MONTH(B47)+1,1) -> 46266 | C48: =COUNTIFS('Shipment Data'!$P$2:$P$1000,$B48,'Shipment Data'!$Q$2:$Q$1000,"OK") -> 41 | D48: =SUMIFS('Shipment Data'!$I$2:$I$1000,'Shipment Data'!$P$2:$P$1000,$B48,'Shipment Data'!$Q$2:$Q$1000,"OK") -> 1249619 | E48: =IF(COUNTIFS('Shipment Data'!$P$2:$P$1000,$B48,'Shipment Data'!$Q$2:$Q$1000,"OK",'Shipment Data'!$O$2:$O$1000,"Yes")+COUNTIFS('Shipment Data'!$P$2:$P$1000,$B48,'Shipment Data'!$Q$2:$Q$1000,"OK",'Shipment Data'!$O$2:$O$1000,"No")=0,0,COUNTIFS('Shipment Data'!$P$2:$P$1000,$B48,'Shipment Data'!$Q$2:$Q$1000,"OK",'Shipment Data'!$O$2:$O$1000,"Yes")/(COUNTIFS('Shipment Data'!$P$2:$P$1000,$B48,'Shipment Data'!$Q$2:$Q$1000,"OK",'Shipment Data'!$O$2:$O$1000,"Yes")+COUNTIFS('Shipment Data'!$P$2:$P$1000,$B48,'Shipment Data'!$Q$2:$Q$1000,"OK",'Shipment Data'!$O$2:$O$1000,"No"))) -> 0.73529412
A49: Total | C49: =SUM(C43:C48) -> 279 | D49: =SUM(D43:D48) -> 7992228 | E49: =C5 -> 0.65441176
A50: First month (blue) is editable; the other months follow it. Total should match Total Shipments (clean) if all data falls in these 6 months.
A52: Route-wise performance (clean records)
A53: Route Code | B53: Route | C53: Shipments | D53: Freight (Rs) | E53: On-Time %
A54: =Masters!A5 -> DEL-JPR | B54: =Masters!B5&" - "&Masters!C5 -> Delhi - Jaipur | C54: =COUNTIFS('Shipment Data'!$D$2:$D$1000,$A54,'Shipment Data'!$Q$2:$Q$1000,"OK") -> 32 | D54: =SUMIFS('Shipment Data'!$I$2:$I$1000,'Shipment Data'!$D$2:$D$1000,$A54,'Shipment Data'!$Q$2:$Q$1000,"OK") -> 600460 | E54: =IF(COUNTIFS('Shipment Data'!$D$2:$D$1000,$A54,'Shipment Data'!$Q$2:$Q$1000,"OK",'Shipment Data'!$O$2:$O$1000,"Yes")+COUNTIFS('Shipment Data'!$D$2:$D$1000,$A54,'Shipment Data'!$Q$2:$Q$1000,"OK",'Shipment Data'!$O$2:$O$1000,"No")=0,0,COUNTIFS('Shipment Data'!$D$2:$D$1000,$A54,'Shipment Data'!$Q$2:$Q$1000,"OK",'Shipment Data'!$O$2:$O$1000,"Yes")/(COUNTIFS('Shipment Data'!$D$2:$D$1000,$A54,'Shipment Data'!$Q$2:$Q$1000,"OK",'Shipment Data'!$O$2:$O$1000,"Yes")+COUNTIFS('Shipment Data'!$D$2:$D$1000,$A54,'Shipment Data'!$Q$2:$Q$1000,"OK",'Shipment Data'!$O$2:$O$1000,"No"))) -> 0.625
A55: =Masters!A6 -> DEL-LKO | B55: =Masters!B6&" - "&Masters!C6 -> Delhi - Lucknow | C55: =COUNTIFS('Shipment Data'!$D$2:$D$1000,$A55,'Shipment Data'!$Q$2:$Q$1000,"OK") -> 28 | D55: =SUMIFS('Shipment Data'!$I$2:$I$1000,'Shipment Data'!$D$2:$D$1000,$A55,'Shipment Data'!$Q$2:$Q$1000,"OK") -> 661648 | E55: =IF(COUNTIFS('Shipment Data'!$D$2:$D$1000,$A55,'Shipment Data'!$Q$2:$Q$1000,"OK",'Shipment Data'!$O$2:$O$1000,"Yes")+COUNTIFS('Shipment Data'!$D$2:$D$1000,$A55,'Shipment Data'!$Q$2:$Q$1000,"OK",'Shipment Data'!$O$2:$O$1000,"No")=0,0,COUNTIFS('Shipment Data'!$D$2:$D$1000,$A55,'Shipment Data'!$Q$2:$Q$1000,"OK",'Shipment Data'!$O$2:$O$1000,"Yes")/(COUNTIFS('Shipment Data'!$D$2:$D$1000,$A55,'Shipment Data'!$Q$2:$Q$1000,"OK",'Shipment Data'!$O$2:$O$1000,"Yes")+COUNTIFS('Shipment Data'!$D$2:$D$1000,$A55,'Shipment Data'!$Q$2:$Q$1000,"OK",'Shipment Data'!$O$2:$O$1000,"No"))) -> 0.69230769
A56: =Masters!A7 -> DEL-CHD | B56: =Masters!B7&" - "&Masters!C7 -> Delhi - Chandigarh | C56: =COUNTIFS('Shipment Data'!$D$2:$D$1000,$A56,'Shipment Data'!$Q$2:$Q$1000,"OK") -> 24 | D56: =SUMIFS('Shipment Data'!$I$2:$I$1000,'Shipment Data'!$D$2:$D$1000,$A56,'Shipment Data'!$Q$2:$Q$1000,"OK") -> 322350 | E56: =IF(COUNTIFS('Shipment Data'!$D$2:$D$1000,$A56,'Shipment Data'!$Q$2:$Q$1000,"OK",'Shipment Data'!$O$2:$O$1000,"Yes")+COUNTIFS('Shipment Data'!$D$2:$D$1000,$A56,'Shipment Data'!$Q$2:$Q$1000,"OK",'Shipment Data'!$O$2:$O$1000,"No")=0,0,COUNTIFS('Shipment Data'!$D$2:$D$1000,$A56,'Shipment Data'!$Q$2:$Q$1000,"OK",'Shipment Data'!$O$2:$O$1000,"Yes")/(COUNTIFS('Shipment Data'!$D$2:$D$1000,$A56,'Shipment Data'!$Q$2:$Q$1000,"OK",'Shipment Data'!$O$2:$O$1000,"Yes")+COUNTIFS('Shipment Data'!$D$2:$D$1000,$A56,'Shipment Data'!$Q$2:$Q$1000,"OK",'Shipment Data'!$O$2:$O$1000,"No"))) -> 0.70833333
A57: =Masters!A8 -> DEL-AMD | B57: =Masters!B8&" - "&Masters!C8 -> Delhi - Ahmedabad | C57: =COUNTIFS('Shipment Data'!$D$2:$D$1000,$A57,'Shipment Data'!$Q$2:$Q$1000,"OK") -> 20 | D57: =SUMIFS('Shipment Data'!$I$2:$I$1000,'Shipment Data'!$D$2:$D$1000,$A57,'Shipment Data'!$Q$2:$Q$1000,"OK") -> 624975 | E57: =IF(COUNTIFS('Shipment Data'!$D$2:$D$1000,$A57,'Shipment Data'!$Q$2:$Q$1000,"OK",'Shipment Data'!$O$2:$O$1000,"Yes")+COUNTIFS('Shipment Data'!$D$2:$D$1000,$A57,'Shipment Data'!$Q$2:$Q$1000,"OK",'Shipment Data'!$O$2:$O$1000,"No")=0,0,COUNTIFS('Shipment Data'!$D$2:$D$1000,$A57,'Shipment Data'!$Q$2:$Q$1000,"OK",'Shipment Data'!$O$2:$O$1000,"Yes")/(COUNTIFS('Shipment Data'!$D$2:$D$1000,$A57,'Shipment Data'!$Q$2:$Q$1000,"OK",'Shipment Data'!$O$2:$O$1000,"Yes")+COUNTIFS('Shipment Data'!$D$2:$D$1000,$A57,'Shipment Data'!$Q$2:$Q$1000,"OK",'Shipment Data'!$O$2:$O$1000,"No"))) -> 0.65
A58: =Masters!A9 -> DEL-BOM | B58: =Masters!B9&" - "&Masters!C9 -> Delhi - Mumbai | C58: =COUNTIFS('Shipment Data'!$D$2:$D$1000,$A58,'Shipment Data'!$Q$2:$Q$1000,"OK") -> 29 | D58: =SUMIFS('Shipment Data'!$I$2:$I$1000,'Shipment Data'!$D$2:$D$1000,$A58,'Shipment Data'!$Q$2:$Q$1000,"OK") -> 1468700 | E58: =IF(COUNTIFS('Shipment Data'!$D$2:$D$1000,$A58,'Shipment Data'!$Q$2:$Q$1000,"OK",'Shipment Data'!$O$2:$O$1000,"Yes")+COUNTIFS('Shipment Data'!$D$2:$D$1000,$A58,'Shipment Data'!$Q$2:$Q$1000,"OK",'Shipment Data'!$O$2:$O$1000,"No")=0,0,COUNTIFS('Shipment Data'!$D$2:$D$1000,$A58,'Shipment Data'!$Q$2:$Q$1000,"OK",'Shipment Data'!$O$2:$O$1000,"Yes")/(COUNTIFS('Shipment Data'!$D$2:$D$1000,$A58,'Shipment Data'!$Q$2:$Q$1000,"OK",'Shipment Data'!$O$2:$O$1000,"Yes")+COUNTIFS('Shipment Data'!$D$2:$D$1000,$A58,'Shipment Data'!$Q$2:$Q$1000,"OK",'Shipment Data'!$O$2:$O$1000,"No"))) -> 0.64285714
A59: =Masters!A10 -> DEL-CCU | B59: =Masters!B10&" - "&Masters!C10 -> Delhi - Kolkata | C59: =COUNTIFS('Shipment Data'!$D$2:$D$1000,$A59,'Shipment Data'!$Q$2:$Q$1000,"OK") -> 23 | D59: =SUMIFS('Shipment Data'!$I$2:$I$1000,'Shipment Data'!$D$2:$D$1000,$A59,'Shipment Data'!$Q$2:$Q$1000,"OK") -> 1630200 | E59: =IF(COUNTIFS('Shipment Data'!$D$2:$D$1000,$A59,'Shipment Data'!$Q$2:$Q$1000,"OK",'Shipment Data'!$O$2:$O$1000,"Yes")+COUNTIFS('Shipment Data'!$D$2:$D$1000,$A59,'Shipment Data'!$Q$2:$Q$1000,"OK",'Shipment Data'!$O$2:$O$1000,"No")=0,0,COUNTIFS('Shipment Data'!$D$2:$D$1000,$A59,'Shipment Data'!$Q$2:$Q$1000,"OK",'Shipment Data'!$O$2:$O$1000,"Yes")/(COUNTIFS('Shipment Data'!$D$2:$D$1000,$A59,'Shipment Data'!$Q$2:$Q$1000,"OK",'Shipment Data'!$O$2:$O$1000,"Yes")+COUNTIFS('Shipment Data'!$D$2:$D$1000,$A59,'Shipment Data'!$Q$2:$Q$1000,"OK",'Shipment Data'!$O$2:$O$1000,"No"))) -> 0.57142857
A60: =Masters!A11 -> DEL-KNP | B60: =Masters!B11&" - "&Masters!C11 -> Delhi - Kanpur | C60: =COUNTIFS('Shipment Data'!$D$2:$D$1000,$A60,'Shipment Data'!$Q$2:$Q$1000,"OK") -> 20 | D60: =SUMIFS('Shipment Data'!$I$2:$I$1000,'Shipment Data'!$D$2:$D$1000,$A60,'Shipment Data'!$Q$2:$Q$1000,"OK") -> 432045 | E60: =IF(COUNTIFS('Shipment Data'!$D$2:$D$1000,$A60,'Shipment Data'!$Q$2:$Q$1000,"OK",'Shipment Data'!$O$2:$O$1000,"Yes")+COUNTIFS('Shipment Data'!$D$2:$D$1000,$A60,'Shipment Data'!$Q$2:$Q$1000,"OK",'Shipment Data'!$O$2:$O$1000,"No")=0,0,COUNTIFS('Shipment Data'!$D$2:$D$1000,$A60,'Shipment Data'!$Q$2:$Q$1000,"OK",'Shipment Data'!$O$2:$O$1000,"Yes")/(COUNTIFS('Shipment Data'!$D$2:$D$1000,$A60,'Shipment Data'!$Q$2:$Q$1000,"OK",'Shipment Data'!$O$2:$O$1000,"Yes")+COUNTIFS('Shipment Data'!$D$2:$D$1000,$A60,'Shipment Data'!$Q$2:$Q$1000,"OK",'Shipment Data'!$O$2:$O$1000,"No"))) -> 0.8
A61: =Masters!A12 -> DEL-AGR | B61: =Masters!B12&" - "&Masters!C12 -> Delhi - Agra | C61: =COUNTIFS('Shipment Data'!$D$2:$D$1000,$A61,'Shipment Data'!$Q$2:$Q$1000,"OK") -> 18 | D61: =SUMIFS('Shipment Data'!$I$2:$I$1000,'Shipment Data'!$D$2:$D$1000,$A61,'Shipment Data'!$Q$2:$Q$1000,"OK") -> 285628 | E61: =IF(COUNTIFS('Shipment Data'!$D$2:$D$1000,$A61,'Shipment Data'!$Q$2:$Q$1000,"OK",'Shipment Data'!$O$2:$O$1000,"Yes")+COUNTIFS('Shipment Data'!$D$2:$D$1000,$A61,'Shipment Data'!$Q$2:$Q$1000,"OK",'Shipment Data'!$O$2:$O$1000,"No")=0,0,COUNTIFS('Shipment Data'!$D$2:$D$1000,$A61,'Shipment Data'!$Q$2:$Q$1000,"OK",'Shipment Data'!$O$2:$O$1000,"Yes")/(COUNTIFS('Shipment Data'!$D$2:$D$1000,$A61,'Shipment Data'!$Q$2:$Q$1000,"OK",'Shipment Data'!$O$2:$O$1000,"Yes")+COUNTIFS('Shipment Data'!$D$2:$D$1000,$A61,'Shipment Data'!$Q$2:$Q$1000,"OK",'Shipment Data'!$O$2:$O$1000,"No"))) -> 0.72222222
A62: =Masters!A13 -> GZB-MRT | B62: =Masters!B13&" - "&Masters!C13 -> Ghaziabad - Meerut | C62: =COUNTIFS('Shipment Data'!$D$2:$D$1000,$A62,'Shipment Data'!$Q$2:$Q$1000,"OK") -> 33 | D62: =SUMIFS('Shipment Data'!$I$2:$I$1000,'Shipment Data'!$D$2:$D$1000,$A62,'Shipment Data'!$Q$2:$Q$1000,"OK") -> 350802 | E62: =IF(COUNTIFS('Shipment Data'!$D$2:$D$1000,$A62,'Shipment Data'!$Q$2:$Q$1000,"OK",'Shipment Data'!$O$2:$O$1000,"Yes")+COUNTIFS('Shipment Data'!$D$2:$D$1000,$A62,'Shipment Data'!$Q$2:$Q$1000,"OK",'Shipment Data'!$O$2:$O$1000,"No")=0,0,COUNTIFS('Shipment Data'!$D$2:$D$1000,$A62,'Shipment Data'!$Q$2:$Q$1000,"OK",'Shipment Data'!$O$2:$O$1000,"Yes")/(COUNTIFS('Shipment Data'!$D$2:$D$1000,$A62,'Shipment Data'!$Q$2:$Q$1000,"OK",'Shipment Data'!$O$2:$O$1000,"Yes")+COUNTIFS('Shipment Data'!$D$2:$D$1000,$A62,'Shipment Data'!$Q$2:$Q$1000,"OK",'Shipment Data'!$O$2:$O$1000,"No"))) -> 0.59375
A63: =Masters!A14 -> DEL-DED | B63: =Masters!B14&" - "&Masters!C14 -> Delhi - Dehradun | C63: =COUNTIFS('Shipment Data'!$D$2:$D$1000,$A63,'Shipment Data'!$Q$2:$Q$1000,"OK") -> 16 | D63: =SUMIFS('Shipment Data'!$I$2:$I$1000,'Shipment Data'!$D$2:$D$1000,$A63,'Shipment Data'!$Q$2:$Q$1000,"OK") -> 275680 | E63: =IF(COUNTIFS('Shipment Data'!$D$2:$D$1000,$A63,'Shipment Data'!$Q$2:$Q$1000,"OK",'Shipment Data'!$O$2:$O$1000,"Yes")+COUNTIFS('Shipment Data'!$D$2:$D$1000,$A63,'Shipment Data'!$Q$2:$Q$1000,"OK",'Shipment Data'!$O$2:$O$1000,"No")=0,0,COUNTIFS('Shipment Data'!$D$2:$D$1000,$A63,'Shipment Data'!$Q$2:$Q$1000,"OK",'Shipment Data'!$O$2:$O$1000,"Yes")/(COUNTIFS('Shipment Data'!$D$2:$D$1000,$A63,'Shipment Data'!$Q$2:$Q$1000,"OK",'Shipment Data'!$O$2:$O$1000,"Yes")+COUNTIFS('Shipment Data'!$D$2:$D$1000,$A63,'Shipment Data'!$Q$2:$Q$1000,"OK",'Shipment Data'!$O$2:$O$1000,"No"))) -> 0.625
A64: =Masters!A15 -> DEL-BPL | B64: =Masters!B15&" - "&Masters!C15 -> Delhi - Bhopal | C64: =COUNTIFS('Shipment Data'!$D$2:$D$1000,$A64,'Shipment Data'!$Q$2:$Q$1000,"OK") -> 23 | D64: =SUMIFS('Shipment Data'!$I$2:$I$1000,'Shipment Data'!$D$2:$D$1000,$A64,'Shipment Data'!$Q$2:$Q$1000,"OK") -> 873360 | E64: =IF(COUNTIFS('Shipment Data'!$D$2:$D$1000,$A64,'Shipment Data'!$Q$2:$Q$1000,"OK",'Shipment Data'!$O$2:$O$1000,"Yes")+COUNTIFS('Shipment Data'!$D$2:$D$1000,$A64,'Shipment Data'!$Q$2:$Q$1000,"OK",'Shipment Data'!$O$2:$O$1000,"No")=0,0,COUNTIFS('Shipment Data'!$D$2:$D$1000,$A64,'Shipment Data'!$Q$2:$Q$1000,"OK",'Shipment Data'!$O$2:$O$1000,"Yes")/(COUNTIFS('Shipment Data'!$D$2:$D$1000,$A64,'Shipment Data'!$Q$2:$Q$1000,"OK",'Shipment Data'!$O$2:$O$1000,"Yes")+COUNTIFS('Shipment Data'!$D$2:$D$1000,$A64,'Shipment Data'!$Q$2:$Q$1000,"OK",'Shipment Data'!$O$2:$O$1000,"No"))) -> 0.65217391
A65: =Masters!A16 -> DEL-IDR | B65: =Masters!B16&" - "&Masters!C16 -> Delhi - Indore | C65: =COUNTIFS('Shipment Data'!$D$2:$D$1000,$A65,'Shipment Data'!$Q$2:$Q$1000,"OK") -> 13 | D65: =SUMIFS('Shipment Data'!$I$2:$I$1000,'Shipment Data'!$D$2:$D$1000,$A65,'Shipment Data'!$Q$2:$Q$1000,"OK") -> 466380 | E65: =IF(COUNTIFS('Shipment Data'!$D$2:$D$1000,$A65,'Shipment Data'!$Q$2:$Q$1000,"OK",'Shipment Data'!$O$2:$O$1000,"Yes")+COUNTIFS('Shipment Data'!$D$2:$D$1000,$A65,'Shipment Data'!$Q$2:$Q$1000,"OK",'Shipment Data'!$O$2:$O$1000,"No")=0,0,COUNTIFS('Shipment Data'!$D$2:$D$1000,$A65,'Shipment Data'!$Q$2:$Q$1000,"OK",'Shipment Data'!$O$2:$O$1000,"Yes")/(COUNTIFS('Shipment Data'!$D$2:$D$1000,$A65,'Shipment Data'!$Q$2:$Q$1000,"OK",'Shipment Data'!$O$2:$O$1000,"Yes")+COUNTIFS('Shipment Data'!$D$2:$D$1000,$A65,'Shipment Data'!$Q$2:$Q$1000,"OK",'Shipment Data'!$O$2:$O$1000,"No"))) -> 0.58333333
A66: Total | C66: =SUM(C54:C65) -> 279 | D66: =SUM(D54:D65) -> 7992228 | E66: =C5 -> 0.65441176

Sheet MIS Report
A1: MIS Report - Shipments (Daily / Weekly / Monthly)
A2: Pick a Report Type and a date in the yellow cells. Everything below updates. Only records with Data Check = OK are counted.
A3: Report Type | B3: Monthly
A4: Report Date | B4: 46249
A5: Period Start | B5: =IF(B3="Daily",B4,IF(B3="Weekly",B4-WEEKDAY(B4,2)+1,DATE(YEAR(B4),MONTH(B4),1))) -> 46235
A6: Period End | B6: =IF(B3="Daily",B4,IF(B3="Weekly",B5+6,DATE(YEAR(B4),MONTH(B4)+1,0))) -> 46265
A8: Key Metrics | B8: Value
A9: Total Shipments | B9: =COUNTIFS('Shipment Data'!$B$2:$B$1000,">="&$B$5,'Shipment Data'!$B$2:$B$1000,"<="&$B$6,'Shipment Data'!$Q$2:$Q$1000,"OK") -> 64
A10: Total Weight (kg) | B10: =SUMIFS('Shipment Data'!$G$2:$G$1000,'Shipment Data'!$B$2:$B$1000,">="&$B$5,'Shipment Data'!$B$2:$B$1000,"<="&$B$6,'Shipment Data'!$Q$2:$Q$1000,"OK") -> 309210
A11: Total Freight Revenue (Rs) | B11: =SUMIFS('Shipment Data'!$I$2:$I$1000,'Shipment Data'!$B$2:$B$1000,">="&$B$5,'Shipment Data'!$B$2:$B$1000,"<="&$B$6,'Shipment Data'!$Q$2:$Q$1000,"OK") -> 1561381
A12: Avg Freight per Shipment (Rs) | B12: =IF(B9=0,0,B11/B9) -> 24396.578
A13: Delivered | B13: =COUNTIFS('Shipment Data'!$B$2:$B$1000,">="&$B$5,'Shipment Data'!$B$2:$B$1000,"<="&$B$6,'Shipment Data'!$Q$2:$Q$1000,"OK",'Shipment Data'!$M$2:$M$1000,"Delivered") -> 64
A14: In Transit | B14: =COUNTIFS('Shipment Data'!$B$2:$B$1000,">="&$B$5,'Shipment Data'!$B$2:$B$1000,"<="&$B$6,'Shipment Data'!$Q$2:$Q$1000,"OK",'Shipment Data'!$M$2:$M$1000,"In Transit") -> 0
A15: On-Time Deliveries | B15: =COUNTIFS('Shipment Data'!$B$2:$B$1000,">="&$B$5,'Shipment Data'!$B$2:$B$1000,"<="&$B$6,'Shipment Data'!$Q$2:$Q$1000,"OK",'Shipment Data'!$O$2:$O$1000,"Yes") -> 41
A16: Late Deliveries | B16: =COUNTIFS('Shipment Data'!$B$2:$B$1000,">="&$B$5,'Shipment Data'!$B$2:$B$1000,"<="&$B$6,'Shipment Data'!$Q$2:$Q$1000,"OK",'Shipment Data'!$O$2:$O$1000,"No") -> 23
A17: On-Time Delivery % | B17: =IF(B15+B16=0,"n/a",B15/(B15+B16)) -> 0.640625
A18: Avg Delay of Late Deliveries (days) | B18: =IFERROR(AVERAGEIFS('Shipment Data'!$N$2:$N$1000,'Shipment Data'!$B$2:$B$1000,">="&$B$5,'Shipment Data'!$B$2:$B$1000,"<="&$B$6,'Shipment Data'!$Q$2:$Q$1000,"OK",'Shipment Data'!$O$2:$O$1000,"No"),0) -> 1.6956522
A19: Records Excluded (data errors in period) | B19: =COUNTIFS('Shipment Data'!$B$2:$B$1000,">="&$B$5,'Shipment Data'!$B$2:$B$1000,"<="&$B$6,'Shipment Data'!$Q$2:$Q$1000,"<>OK") -> 6
A22: Client | B22: Shipments | C22: Weight (kg) | D22: Freight (Rs) | E22: On-Time % | F22: Late Deliveries
A23: =Masters!G5 -> Shree Ganesh Traders | B23: =COUNTIFS('Shipment Data'!$B$2:$B$1000,">="&$B$5,'Shipment Data'!$B$2:$B$1000,"<="&$B$6,'Shipment Data'!$Q$2:$Q$1000,"OK",'Shipment Data'!$C$2:$C$1000,$A23) -> 11 | C23: =SUMIFS('Shipment Data'!$G$2:$G$1000,'Shipment Data'!$B$2:$B$1000,">="&$B$5,'Shipment Data'!$B$2:$B$1000,"<="&$B$6,'Shipment Data'!$Q$2:$Q$1000,"OK",'Shipment Data'!$C$2:$C$1000,$A23) -> 60800 | D23: =SUMIFS('Shipment Data'!$I$2:$I$1000,'Shipment Data'!$B$2:$B$1000,">="&$B$5,'Shipment Data'!$B$2:$B$1000,"<="&$B$6,'Shipment Data'!$Q$2:$Q$1000,"OK",'Shipment Data'!$C$2:$C$1000,$A23) -> 341832 | E23: =IF(COUNTIFS('Shipment Data'!$B$2:$B$1000,">="&$B$5,'Shipment Data'!$B$2:$B$1000,"<="&$B$6,'Shipment Data'!$Q$2:$Q$1000,"OK",'Shipment Data'!$C$2:$C$1000,$A23,'Shipment Data'!$O$2:$O$1000,"Yes")+F23=0,"n/a",COUNTIFS('Shipment Data'!$B$2:$B$1000,">="&$B$5,'Shipment Data'!$B$2:$B$1000,"<="&$B$6,'Shipment Data'!$Q$2:$Q$1000,"OK",'Shipment Data'!$C$2:$C$1000,$A23,'Shipment Data'!$O$2:$O$1000,"Yes")/(COUNTIFS('Shipment Data'!$B$2:$B$1000,">="&$B$5,'Shipment Data'!$B$2:$B$1000,"<="&$B$6,'Shipment Data'!$Q$2:$Q$1000,"OK",'Shipment Data'!$C$2:$C$1000,$A23,'Shipment Data'!$O$2:$O$1000,"Yes")+F23)) -> 0.63636364 | F23: =COUNTIFS('Shipment Data'!$B$2:$B$1000,">="&$B$5,'Shipment Data'!$B$2:$B$1000,"<="&$B$6,'Shipment Data'!$Q$2:$Q$1000,"OK",'Shipment Data'!$C$2:$C$1000,$A23,'Shipment Data'!$O$2:$O$1000,"No") -> 4
A24: =Masters!G6 -> Metro Fabrics Pvt Ltd | B24: =COUNTIFS('Shipment Data'!$B$2:$B$1000,">="&$B$5,'Shipment Data'!$B$2:$B$1000,"<="&$B$6,'Shipment Data'!$Q$2:$Q$1000,"OK",'Shipment Data'!$C$2:$C$1000,$A24) -> 6 | C24: =SUMIFS('Shipment Data'!$G$2:$G$1000,'Shipment Data'!$B$2:$B$1000,">="&$B$5,'Shipment Data'!$B$2:$B$1000,"<="&$B$6,'Shipment Data'!$Q$2:$Q$1000,"OK",'Shipment Data'!$C$2:$C$1000,$A24) -> 21190 | D24: =SUMIFS('Shipment Data'!$I$2:$I$1000,'Shipment Data'!$B$2:$B$1000,">="&$B$5,'Shipment Data'!$B$2:$B$1000,"<="&$B$6,'Shipment Data'!$Q$2:$Q$1000,"OK",'Shipment Data'!$C$2:$C$1000,$A24) -> 93204 | E24: =IF(COUNTIFS('Shipment Data'!$B$2:$B$1000,">="&$B$5,'Shipment Data'!$B$2:$B$1000,"<="&$B$6,'Shipment Data'!$Q$2:$Q$1000,"OK",'Shipment Data'!$C$2:$C$1000,$A24,'Shipment Data'!$O$2:$O$1000,"Yes")+F24=0,"n/a",COUNTIFS('Shipment Data'!$B$2:$B$1000,">="&$B$5,'Shipment Data'!$B$2:$B$1000,"<="&$B$6,'Shipment Data'!$Q$2:$Q$1000,"OK",'Shipment Data'!$C$2:$C$1000,$A24,'Shipment Data'!$O$2:$O$1000,"Yes")/(COUNTIFS('Shipment Data'!$B$2:$B$1000,">="&$B$5,'Shipment Data'!$B$2:$B$1000,"<="&$B$6,'Shipment Data'!$Q$2:$Q$1000,"OK",'Shipment Data'!$C$2:$C$1000,$A24,'Shipment Data'!$O$2:$O$1000,"Yes")+F24)) -> 0.66666667 | F24: =COUNTIFS('Shipment Data'!$B$2:$B$1000,">="&$B$5,'Shipment Data'!$B$2:$B$1000,"<="&$B$6,'Shipment Data'!$Q$2:$Q$1000,"OK",'Shipment Data'!$C$2:$C$1000,$A24,'Shipment Data'!$O$2:$O$1000,"No") -> 2
A25: =Masters!G7 -> Apex Electronics | B25: =COUNTIFS('Shipment Data'!$B$2:$B$1000,">="&$B$5,'Shipment Data'!$B$2:$B$1000,"<="&$B$6,'Shipment Data'!$Q$2:$Q$1000,"OK",'Shipment Data'!$C$2:$C$1000,$A25) -> 12 | C25: =SUMIFS('Shipment Data'!$G$2:$G$1000,'Shipment Data'!$B$2:$B$1000,">="&$B$5,'Shipment Data'!$B$2:$B$1000,"<="&$B$6,'Shipment Data'!$Q$2:$Q$1000,"OK",'Shipment Data'!$C$2:$C$1000,$A25) -> 61430 | D25: =SUMIFS('Shipment Data'!$I$2:$I$1000,'Shipment Data'!$B$2:$B$1000,">="&$B$5,'Shipment Data'!$B$2:$B$1000,"<="&$B$6,'Shipment Data'!$Q$2:$Q$1000,"OK",'Shipment Data'!$C$2:$C$1000,$A25) -> 286056 | E25: =IF(COUNTIFS('Shipment Data'!$B$2:$B$1000,">="&$B$5,'Shipment Data'!$B$2:$B$1000,"<="&$B$6,'Shipment Data'!$Q$2:$Q$1000,"OK",'Shipment Data'!$C$2:$C$1000,$A25,'Shipment Data'!$O$2:$O$1000,"Yes")+F25=0,"n/a",COUNTIFS('Shipment Data'!$B$2:$B$1000,">="&$B$5,'Shipment Data'!$B$2:$B$1000,"<="&$B$6,'Shipment Data'!$Q$2:$Q$1000,"OK",'Shipment Data'!$C$2:$C$1000,$A25,'Shipment Data'!$O$2:$O$1000,"Yes")/(COUNTIFS('Shipment Data'!$B$2:$B$1000,">="&$B$5,'Shipment Data'!$B$2:$B$1000,"<="&$B$6,'Shipment Data'!$Q$2:$Q$1000,"OK",'Shipment Data'!$C$2:$C$1000,$A25,'Shipment Data'!$O$2:$O$1000,"Yes")+F25)) -> 0.58333333 | F25: =COUNTIFS('Shipment Data'!$B$2:$B$1000,">="&$B$5,'Shipment Data'!$B$2:$B$1000,"<="&$B$6,'Shipment Data'!$Q$2:$Q$1000,"OK",'Shipment Data'!$C$2:$C$1000,$A25,'Shipment Data'!$O$2:$O$1000,"No") -> 5
A26: =Masters!G8 -> Sharma Agro Foods | B26: =COUNTIFS('Shipment Data'!$B$2:$B$1000,">="&$B$5,'Shipment Data'!$B$2:$B$1000,"<="&$B$6,'Shipment Data'!$Q$2:$Q$1000,"OK",'Shipment Data'!$C$2:$C$1000,$A26) -> 12 | C26: =SUMIFS('Shipment Data'!$G$2:$G$1000,'Shipment Data'!$B$2:$B$1000,">="&$B$5,'Shipment Data'!$B$2:$B$1000,"<="&$B$6,'Shipment Data'!$Q$2:$Q$1000,"OK",'Shipment Data'!$C$2:$C$1000,$A26) -> 50990 | D26: =SUMIFS('Shipment Data'!$I$2:$I$1000,'Shipment Data'!$B$2:$B$1000,">="&$B$5,'Shipment Data'!$B$2:$B$1000,"<="&$B$6,'Shipment Data'!$Q$2:$Q$1000,"OK",'Shipment Data'!$C$2:$C$1000,$A26) -> 247709 | E26: =IF(COUNTIFS('Shipment Data'!$B$2:$B$1000,">="&$B$5,'Shipment Data'!$B$2:$B$1000,"<="&$B$6,'Shipment Data'!$Q$2:$Q$1000,"OK",'Shipment Data'!$C$2:$C$1000,$A26,'Shipment Data'!$O$2:$O$1000,"Yes")+F26=0,"n/a",COUNTIFS('Shipment Data'!$B$2:$B$1000,">="&$B$5,'Shipment Data'!$B$2:$B$1000,"<="&$B$6,'Shipment Data'!$Q$2:$Q$1000,"OK",'Shipment Data'!$C$2:$C$1000,$A26,'Shipment Data'!$O$2:$O$1000,"Yes")/(COUNTIFS('Shipment Data'!$B$2:$B$1000,">="&$B$5,'Shipment Data'!$B$2:$B$1000,"<="&$B$6,'Shipment Data'!$Q$2:$Q$1000,"OK",'Shipment Data'!$C$2:$C$1000,$A26,'Shipment Data'!$O$2:$O$1000,"Yes")+F26)) -> 0.5 | F26: =COUNTIFS('Shipment Data'!$B$2:$B$1000,">="&$B$5,'Shipment Data'!$B$2:$B$1000,"<="&$B$6,'Shipment Data'!$Q$2:$Q$1000,"OK",'Shipment Data'!$C$2:$C$1000,$A26,'Shipment Data'!$O$2:$O$1000,"No") -> 6
A27: =Masters!G9 -> Bharat Auto Components | B27: =COUNTIFS('Shipment Data'!$B$2:$B$1000,">="&$B$5,'Shipment Data'!$B$2:$B$1000,"<="&$B$6,'Shipment Data'!$Q$2:$Q$1000,"OK",'Shipment Data'!$C$2:$C$1000,$A27) -> 9 | C27: =SUMIFS('Shipment Data'!$G$2:$G$1000,'Shipment Data'!$B$2:$B$1000,">="&$B$5,'Shipment Data'!$B$2:$B$1000,"<="&$B$6,'Shipment Data'!$Q$2:$Q$1000,"OK",'Shipment Data'!$C$2:$C$1000,$A27) -> 40430 | D27: =SUMIFS('Shipment Data'!$I$2:$I$1000,'Shipment Data'!$B$2:$B$1000,">="&$B$5,'Shipment Data'!$B$2:$B$1000,"<="&$B$6,'Shipment Data'!$Q$2:$Q$1000,"OK",'Shipment Data'!$C$2:$C$1000,$A27) -> 209757 | E27: =IF(COUNTIFS('Shipment Data'!$B$2:$B$1000,">="&$B$5,'Shipment Data'!$B$2:$B$1000,"<="&$B$6,'Shipment Data'!$Q$2:$Q$1000,"OK",'Shipment Data'!$C$2:$C$1000,$A27,'Shipment Data'!$O$2:$O$1000,"Yes")+F27=0,"n/a",COUNTIFS('Shipment Data'!$B$2:$B$1000,">="&$B$5,'Shipment Data'!$B$2:$B$1000,"<="&$B$6,'Shipment Data'!$Q$2:$Q$1000,"OK",'Shipment Data'!$C$2:$C$1000,$A27,'Shipment Data'!$O$2:$O$1000,"Yes")/(COUNTIFS('Shipment Data'!$B$2:$B$1000,">="&$B$5,'Shipment Data'!$B$2:$B$1000,"<="&$B$6,'Shipment Data'!$Q$2:$Q$1000,"OK",'Shipment Data'!$C$2:$C$1000,$A27,'Shipment Data'!$O$2:$O$1000,"Yes")+F27)) -> 0.66666667 | F27: =COUNTIFS('Shipment Data'!$B$2:$B$1000,">="&$B$5,'Shipment Data'!$B$2:$B$1000,"<="&$B$6,'Shipment Data'!$Q$2:$Q$1000,"OK",'Shipment Data'!$C$2:$C$1000,$A27,'Shipment Data'!$O$2:$O$1000,"No") -> 3
A28: =Masters!G10 -> Kailash Pharma | B28: =COUNTIFS('Shipment Data'!$B$2:$B$1000,">="&$B$5,'Shipment Data'!$B$2:$B$1000,"<="&$B$6,'Shipment Data'!$Q$2:$Q$1000,"OK",'Shipment Data'!$C$2:$C$1000,$A28) -> 4 | C28: =SUMIFS('Shipment Data'!$G$2:$G$1000,'Shipment Data'!$B$2:$B$1000,">="&$B$5,'Shipment Data'!$B$2:$B$1000,"<="&$B$6,'Shipment Data'!$Q$2:$Q$1000,"OK",'Shipment Data'!$C$2:$C$1000,$A28) -> 16700 | D28: =SUMIFS('Shipment Data'!$I$2:$I$1000,'Shipment Data'!$B$2:$B$1000,">="&$B$5,'Shipment Data'!$B$2:$B$1000,"<="&$B$6,'Shipment Data'!$Q$2:$Q$1000,"OK",'Shipment Data'!$C$2:$C$1000,$A28) -> 67310 | E28: =IF(COUNTIFS('Shipment Data'!$B$2:$B$1000,">="&$B$5,'Shipment Data'!$B$2:$B$1000,"<="&$B$6,'Shipment Data'!$Q$2:$Q$1000,"OK",'Shipment Data'!$C$2:$C$1000,$A28,'Shipment Data'!$O$2:$O$1000,"Yes")+F28=0,"n/a",COUNTIFS('Shipment Data'!$B$2:$B$1000,">="&$B$5,'Shipment Data'!$B$2:$B$1000,"<="&$B$6,'Shipment Data'!$Q$2:$Q$1000,"OK",'Shipment Data'!$C$2:$C$1000,$A28,'Shipment Data'!$O$2:$O$1000,"Yes")/(COUNTIFS('Shipment Data'!$B$2:$B$1000,">="&$B$5,'Shipment Data'!$B$2:$B$1000,"<="&$B$6,'Shipment Data'!$Q$2:$Q$1000,"OK",'Shipment Data'!$C$2:$C$1000,$A28,'Shipment Data'!$O$2:$O$1000,"Yes")+F28)) -> 0.75 | F28: =COUNTIFS('Shipment Data'!$B$2:$B$1000,">="&$B$5,'Shipment Data'!$B$2:$B$1000,"<="&$B$6,'Shipment Data'!$Q$2:$Q$1000,"OK",'Shipment Data'!$C$2:$C$1000,$A28,'Shipment Data'!$O$2:$O$1000,"No") -> 1
A29: =Masters!G11 -> Sunrise Furniture | B29: =COUNTIFS('Shipment Data'!$B$2:$B$1000,">="&$B$5,'Shipment Data'!$B$2:$B$1000,"<="&$B$6,'Shipment Data'!$Q$2:$Q$1000,"OK",'Shipment Data'!$C$2:$C$1000,$A29) -> 4 | C29: =SUMIFS('Shipment Data'!$G$2:$G$1000,'Shipment Data'!$B$2:$B$1000,">="&$B$5,'Shipment Data'!$B$2:$B$1000,"<="&$B$6,'Shipment Data'!$Q$2:$Q$1000,"OK",'Shipment Data'!$C$2:$C$1000,$A29) -> 25130 | D29: =SUMIFS('Shipment Data'!$I$2:$I$1000,'Shipment Data'!$B$2:$B$1000,">="&$B$5,'Shipment Data'!$B$2:$B$1000,"<="&$B$6,'Shipment Data'!$Q$2:$Q$1000,"OK",'Shipment Data'!$C$2:$C$1000,$A29) -> 111173 | E29: =IF(COUNTIFS('Shipment Data'!$B$2:$B$1000,">="&$B$5,'Shipment Data'!$B$2:$B$1000,"<="&$B$6,'Shipment Data'!$Q$2:$Q$1000,"OK",'Shipment Data'!$C$2:$C$1000,$A29,'Shipment Data'!$O$2:$O$1000,"Yes")+F29=0,"n/a",COUNTIFS('Shipment Data'!$B$2:$B$1000,">="&$B$5,'Shipment Data'!$B$2:$B$1000,"<="&$B$6,'Shipment Data'!$Q$2:$Q$1000,"OK",'Shipment Data'!$C$2:$C$1000,$A29,'Shipment Data'!$O$2:$O$1000,"Yes")/(COUNTIFS('Shipment Data'!$B$2:$B$1000,">="&$B$5,'Shipment Data'!$B$2:$B$1000,"<="&$B$6,'Shipment Data'!$Q$2:$Q$1000,"OK",'Shipment Data'!$C$2:$C$1000,$A29,'Shipment Data'!$O$2:$O$1000,"Yes")+F29)) -> 1 | F29: =COUNTIFS('Shipment Data'!$B$2:$B$1000,">="&$B$5,'Shipment Data'!$B$2:$B$1000,"<="&$B$6,'Shipment Data'!$Q$2:$Q$1000,"OK",'Shipment Data'!$C$2:$C$1000,$A29,'Shipment Data'!$O$2:$O$1000,"No") -> 0
A30: =Masters!G12 -> Delta Packaging | B30: =COUNTIFS('Shipment Data'!$B$2:$B$1000,">="&$B$5,'Shipment Data'!$B$2:$B$1000,"<="&$B$6,'Shipment Data'!$Q$2:$Q$1000,"OK",'Shipment Data'!$C$2:$C$1000,$A30) -> 2 | C30: =SUMIFS('Shipment Data'!$G$2:$G$1000,'Shipment Data'!$B$2:$B$1000,">="&$B$5,'Shipment Data'!$B$2:$B$1000,"<="&$B$6,'Shipment Data'!$Q$2:$Q$1000,"OK",'Shipment Data'!$C$2:$C$1000,$A30) -> 8900 | D30: =SUMIFS('Shipment Data'!$I$2:$I$1000,'Shipment Data'!$B$2:$B$1000,">="&$B$5,'Shipment Data'!$B$2:$B$1000,"<="&$B$6,'Shipment Data'!$Q$2:$Q$1000,"OK",'Shipment Data'!$C$2:$C$1000,$A30) -> 56920 | E30: =IF(COUNTIFS('Shipment Data'!$B$2:$B$1000,">="&$B$5,'Shipment Data'!$B$2:$B$1000,"<="&$B$6,'Shipment Data'!$Q$2:$Q$1000,"OK",'Shipment Data'!$C$2:$C$1000,$A30,'Shipment Data'!$O$2:$O$1000,"Yes")+F30=0,"n/a",COUNTIFS('Shipment Data'!$B$2:$B$1000,">="&$B$5,'Shipment Data'!$B$2:$B$1000,"<="&$B$6,'Shipment Data'!$Q$2:$Q$1000,"OK",'Shipment Data'!$C$2:$C$1000,$A30,'Shipment Data'!$O$2:$O$1000,"Yes")/(COUNTIFS('Shipment Data'!$B$2:$B$1000,">="&$B$5,'Shipment Data'!$B$2:$B$1000,"<="&$B$6,'Shipment Data'!$Q$2:$Q$1000,"OK",'Shipment Data'!$C$2:$C$1000,$A30,'Shipment Data'!$O$2:$O$1000,"Yes")+F30)) -> 0 | F30: =COUNTIFS('Shipment Data'!$B$2:$B$1000,">="&$B$5,'Shipment Data'!$B$2:$B$1000,"<="&$B$6,'Shipment Data'!$Q$2:$Q$1000,"OK",'Shipment Data'!$C$2:$C$1000,$A30,'Shipment Data'!$O$2:$O$1000,"No") -> 2
A31: =Masters!G13 -> Nova Home Appliances | B31: =COUNTIFS('Shipment Data'!$B$2:$B$1000,">="&$B$5,'Shipment Data'!$B$2:$B$1000,"<="&$B$6,'Shipment Data'!$Q$2:$Q$1000,"OK",'Shipment Data'!$C$2:$C$1000,$A31) -> 4 | C31: =SUMIFS('Shipment Data'!$G$2:$G$1000,'Shipment Data'!$B$2:$B$1000,">="&$B$5,'Shipment Data'!$B$2:$B$1000,"<="&$B$6,'Shipment Data'!$Q$2:$Q$1000,"OK",'Shipment Data'!$C$2:$C$1000,$A31) -> 23640 | D31: =SUMIFS('Shipment Data'!$I$2:$I$1000,'Shipment Data'!$B$2:$B$1000,">="&$B$5,'Shipment Data'!$B$2:$B$1000,"<="&$B$6,'Shipment Data'!$Q$2:$Q$1000,"OK",'Shipment Data'!$C$2:$C$1000,$A31) -> 147420 | E31: =IF(COUNTIFS('Shipment Data'!$B$2:$B$1000,">="&$B$5,'Shipment Data'!$B$2:$B$1000,"<="&$B$6,'Shipment Data'!$Q$2:$Q$1000,"OK",'Shipment Data'!$C$2:$C$1000,$A31,'Shipment Data'!$O$2:$O$1000,"Yes")+F31=0,"n/a",COUNTIFS('Shipment Data'!$B$2:$B$1000,">="&$B$5,'Shipment Data'!$B$2:$B$1000,"<="&$B$6,'Shipment Data'!$Q$2:$Q$1000,"OK",'Shipment Data'!$C$2:$C$1000,$A31,'Shipment Data'!$O$2:$O$1000,"Yes")/(COUNTIFS('Shipment Data'!$B$2:$B$1000,">="&$B$5,'Shipment Data'!$B$2:$B$1000,"<="&$B$6,'Shipment Data'!$Q$2:$Q$1000,"OK",'Shipment Data'!$C$2:$C$1000,$A31,'Shipment Data'!$O$2:$O$1000,"Yes")+F31)) -> 1 | F31: =COUNTIFS('Shipment Data'!$B$2:$B$1000,">="&$B$5,'Shipment Data'!$B$2:$B$1000,"<="&$B$6,'Shipment Data'!$Q$2:$Q$1000,"OK",'Shipment Data'!$C$2:$C$1000,$A31,'Shipment Data'!$O$2:$O$1000,"No") -> 0
A32: =Masters!G14 -> Krishna Steel Works | B32: =COUNTIFS('Shipment Data'!$B$2:$B$1000,">="&$B$5,'Shipment Data'!$B$2:$B$1000,"<="&$B$6,'Shipment Data'!$Q$2:$Q$1000,"OK",'Shipment Data'!$C$2:$C$1000,$A32) -> 0 | C32: =SUMIFS('Shipment Data'!$G$2:$G$1000,'Shipment Data'!$B$2:$B$1000,">="&$B$5,'Shipment Data'!$B$2:$B$1000,"<="&$B$6,'Shipment Data'!$Q$2:$Q$1000,"OK",'Shipment Data'!$C$2:$C$1000,$A32) -> 0 | D32: =SUMIFS('Shipment Data'!$I$2:$I$1000,'Shipment Data'!$B$2:$B$1000,">="&$B$5,'Shipment Data'!$B$2:$B$1000,"<="&$B$6,'Shipment Data'!$Q$2:$Q$1000,"OK",'Shipment Data'!$C$2:$C$1000,$A32) -> 0 | E32: =IF(COUNTIFS('Shipment Data'!$B$2:$B$1000,">="&$B$5,'Shipment Data'!$B$2:$B$1000,"<="&$B$6,'Shipment Data'!$Q$2:$Q$1000,"OK",'Shipment Data'!$C$2:$C$1000,$A32,'Shipment Data'!$O$2:$O$1000,"Yes")+F32=0,"n/a",COUNTIFS('Shipment Data'!$B$2:$B$1000,">="&$B$5,'Shipment Data'!$B$2:$B$1000,"<="&$B$6,'Shipment Data'!$Q$2:$Q$1000,"OK",'Shipment Data'!$C$2:$C$1000,$A32,'Shipment Data'!$O$2:$O$1000,"Yes")/(COUNTIFS('Shipment Data'!$B$2:$B$1000,">="&$B$5,'Shipment Data'!$B$2:$B$1000,"<="&$B$6,'Shipment Data'!$Q$2:$Q$1000,"OK",'Shipment Data'!$C$2:$C$1000,$A32,'Shipment Data'!$O$2:$O$1000,"Yes")+F32)) -> n/a | F32: =COUNTIFS('Shipment Data'!$B$2:$B$1000,">="&$B$5,'Shipment Data'!$B$2:$B$1000,"<="&$B$6,'Shipment Data'!$Q$2:$Q$1000,"OK",'Shipment Data'!$C$2:$C$1000,$A32,'Shipment Data'!$O$2:$O$1000,"No") -> 0
A33: Total | B33: =SUM(B23:B32) -> 64 | C33: =SUM(C23:C32) -> 309210 | D33: =SUM(D23:D32) -> 1561381 | E33: =B17 -> 0.640625 | F33: =SUM(F23:F32) -> 23
A34: Check: client total should equal Total Shipments above (difference below should be 0). | F34: =B33-B9 -> 0
A36: Route Code | B36: Route | C36: Shipments | D36: Freight (Rs) | E36: Late Deliveries
A37: =Masters!A5 -> DEL-JPR | B37: =Masters!B5&" - "&Masters!C5 -> Delhi - Jaipur | C37: =COUNTIFS('Shipment Data'!$B$2:$B$1000,">="&$B$5,'Shipment Data'!$B$2:$B$1000,"<="&$B$6,'Shipment Data'!$Q$2:$Q$1000,"OK",'Shipment Data'!$D$2:$D$1000,$A37) -> 12 | D37: =SUMIFS('Shipment Data'!$I$2:$I$1000,'Shipment Data'!$B$2:$B$1000,">="&$B$5,'Shipment Data'!$B$2:$B$1000,"<="&$B$6,'Shipment Data'!$Q$2:$Q$1000,"OK",'Shipment Data'!$D$2:$D$1000,$A37) -> 250320 | E37: =COUNTIFS('Shipment Data'!$B$2:$B$1000,">="&$B$5,'Shipment Data'!$B$2:$B$1000,"<="&$B$6,'Shipment Data'!$Q$2:$Q$1000,"OK",'Shipment Data'!$D$2:$D$1000,$A37,'Shipment Data'!$O$2:$O$1000,"No") -> 6
A38: =Masters!A6 -> DEL-LKO | B38: =Masters!B6&" - "&Masters!C6 -> Delhi - Lucknow | C38: =COUNTIFS('Shipment Data'!$B$2:$B$1000,">="&$B$5,'Shipment Data'!$B$2:$B$1000,"<="&$B$6,'Shipment Data'!$Q$2:$Q$1000,"OK",'Shipment Data'!$D$2:$D$1000,$A38) -> 7 | D38: =SUMIFS('Shipment Data'!$I$2:$I$1000,'Shipment Data'!$B$2:$B$1000,">="&$B$5,'Shipment Data'!$B$2:$B$1000,"<="&$B$6,'Shipment Data'!$Q$2:$Q$1000,"OK",'Shipment Data'!$D$2:$D$1000,$A38) -> 202904 | E38: =COUNTIFS('Shipment Data'!$B$2:$B$1000,">="&$B$5,'Shipment Data'!$B$2:$B$1000,"<="&$B$6,'Shipment Data'!$Q$2:$Q$1000,"OK",'Shipment Data'!$D$2:$D$1000,$A38,'Shipment Data'!$O$2:$O$1000,"No") -> 2
A39: =Masters!A7 -> DEL-CHD | B39: =Masters!B7&" - "&Masters!C7 -> Delhi - Chandigarh | C39: =COUNTIFS('Shipment Data'!$B$2:$B$1000,">="&$B$5,'Shipment Data'!$B$2:$B$1000,"<="&$B$6,'Shipment Data'!$Q$2:$Q$1000,"OK",'Shipment Data'!$D$2:$D$1000,$A39) -> 10 | D39: =SUMIFS('Shipment Data'!$I$2:$I$1000,'Shipment Data'!$B$2:$B$1000,">="&$B$5,'Shipment Data'!$B$2:$B$1000,"<="&$B$6,'Shipment Data'!$Q$2:$Q$1000,"OK",'Shipment Data'!$D$2:$D$1000,$A39) -> 120750 | E39: =COUNTIFS('Shipment Data'!$B$2:$B$1000,">="&$B$5,'Shipment Data'!$B$2:$B$1000,"<="&$B$6,'Shipment Data'!$Q$2:$Q$1000,"OK",'Shipment Data'!$D$2:$D$1000,$A39,'Shipment Data'!$O$2:$O$1000,"No") -> 1
A40: =Masters!A8 -> DEL-AMD | B40: =Masters!B8&" - "&Masters!C8 -> Delhi - Ahmedabad | C40: =COUNTIFS('Shipment Data'!$B$2:$B$1000,">="&$B$5,'Shipment Data'!$B$2:$B$1000,"<="&$B$6,'Shipment Data'!$Q$2:$Q$1000,"OK",'Shipment Data'!$D$2:$D$1000,$A40) -> 5 | D40: =SUMIFS('Shipment Data'!$I$2:$I$1000,'Shipment Data'!$B$2:$B$1000,">="&$B$5,'Shipment Data'!$B$2:$B$1000,"<="&$B$6,'Shipment Data'!$Q$2:$Q$1000,"OK",'Shipment Data'!$D$2:$D$1000,$A40) -> 133275 | E40: =COUNTIFS('Shipment Data'!$B$2:$B$1000,">="&$B$5,'Shipment Data'!$B$2:$B$1000,"<="&$B$6,'Shipment Data'!$Q$2:$Q$1000,"OK",'Shipment Data'!$D$2:$D$1000,$A40,'Shipment Data'!$O$2:$O$1000,"No") -> 2
A41: =Masters!A9 -> DEL-BOM | B41: =Masters!B9&" - "&Masters!C9 -> Delhi - Mumbai | C41: =COUNTIFS('Shipment Data'!$B$2:$B$1000,">="&$B$5,'Shipment Data'!$B$2:$B$1000,"<="&$B$6,'Shipment Data'!$Q$2:$Q$1000,"OK",'Shipment Data'!$D$2:$D$1000,$A41) -> 3 | D41: =SUMIFS('Shipment Data'!$I$2:$I$1000,'Shipment Data'!$B$2:$B$1000,">="&$B$5,'Shipment Data'!$B$2:$B$1000,"<="&$B$6,'Shipment Data'!$Q$2:$Q$1000,"OK",'Shipment Data'!$D$2:$D$1000,$A41) -> 125495 | E41: =COUNTIFS('Shipment Data'!$B$2:$B$1000,">="&$B$5,'Shipment Data'!$B$2:$B$1000,"<="&$B$6,'Shipment Data'!$Q$2:$Q$1000,"OK",'Shipment Data'!$D$2:$D$1000,$A41,'Shipment Data'!$O$2:$O$1000,"No") -> 2
A42: =Masters!A10 -> DEL-CCU | B42: =Masters!B10&" - "&Masters!C10 -> Delhi - Kolkata | C42: =COUNTIFS('Shipment Data'!$B$2:$B$1000,">="&$B$5,'Shipment Data'!$B$2:$B$1000,"<="&$B$6,'Shipment Data'!$Q$2:$Q$1000,"OK",'Shipment Data'!$D$2:$D$1000,$A42) -> 5 | D42: =SUMIFS('Shipment Data'!$I$2:$I$1000,'Shipment Data'!$B$2:$B$1000,">="&$B$5,'Shipment Data'!$B$2:$B$1000,"<="&$B$6,'Shipment Data'!$Q$2:$Q$1000,"OK",'Shipment Data'!$D$2:$D$1000,$A42) -> 286680 | E42: =COUNTIFS('Shipment Data'!$B$2:$B$1000,">="&$B$5,'Shipment Data'!$B$2:$B$1000,"<="&$B$6,'Shipment Data'!$Q$2:$Q$1000,"OK",'Shipment Data'!$D$2:$D$1000,$A42,'Shipment Data'!$O$2:$O$1000,"No") -> 2
A43: =Masters!A11 -> DEL-KNP | B43: =Masters!B11&" - "&Masters!C11 -> Delhi - Kanpur | C43: =COUNTIFS('Shipment Data'!$B$2:$B$1000,">="&$B$5,'Shipment Data'!$B$2:$B$1000,"<="&$B$6,'Shipment Data'!$Q$2:$Q$1000,"OK",'Shipment Data'!$D$2:$D$1000,$A43) -> 4 | D43: =SUMIFS('Shipment Data'!$I$2:$I$1000,'Shipment Data'!$B$2:$B$1000,">="&$B$5,'Shipment Data'!$B$2:$B$1000,"<="&$B$6,'Shipment Data'!$Q$2:$Q$1000,"OK",'Shipment Data'!$D$2:$D$1000,$A43) -> 104895 | E43: =COUNTIFS('Shipment Data'!$B$2:$B$1000,">="&$B$5,'Shipment Data'!$B$2:$B$1000,"<="&$B$6,'Shipment Data'!$Q$2:$Q$1000,"OK",'Shipment Data'!$D$2:$D$1000,$A43,'Shipment Data'!$O$2:$O$1000,"No") -> 1
A44: =Masters!A12 -> DEL-AGR | B44: =Masters!B12&" - "&Masters!C12 -> Delhi - Agra | C44: =COUNTIFS('Shipment Data'!$B$2:$B$1000,">="&$B$5,'Shipment Data'!$B$2:$B$1000,"<="&$B$6,'Shipment Data'!$Q$2:$Q$1000,"OK",'Shipment Data'!$D$2:$D$1000,$A44) -> 3 | D44: =SUMIFS('Shipment Data'!$I$2:$I$1000,'Shipment Data'!$B$2:$B$1000,">="&$B$5,'Shipment Data'!$B$2:$B$1000,"<="&$B$6,'Shipment Data'!$Q$2:$Q$1000,"OK",'Shipment Data'!$D$2:$D$1000,$A44) -> 53984 | E44: =COUNTIFS('Shipment Data'!$B$2:$B$1000,">="&$B$5,'Shipment Data'!$B$2:$B$1000,"<="&$B$6,'Shipment Data'!$Q$2:$Q$1000,"OK",'Shipment Data'!$D$2:$D$1000,$A44,'Shipment Data'!$O$2:$O$1000,"No") -> 1
A45: =Masters!A13 -> GZB-MRT | B45: =Masters!B13&" - "&Masters!C13 -> Ghaziabad - Meerut | C45: =COUNTIFS('Shipment Data'!$B$2:$B$1000,">="&$B$5,'Shipment Data'!$B$2:$B$1000,"<="&$B$6,'Shipment Data'!$Q$2:$Q$1000,"OK",'Shipment Data'!$D$2:$D$1000,$A45) -> 7 | D45: =SUMIFS('Shipment Data'!$I$2:$I$1000,'Shipment Data'!$B$2:$B$1000,">="&$B$5,'Shipment Data'!$B$2:$B$1000,"<="&$B$6,'Shipment Data'!$Q$2:$Q$1000,"OK",'Shipment Data'!$D$2:$D$1000,$A45) -> 53118 | E45: =COUNTIFS('Shipment Data'!$B$2:$B$1000,">="&$B$5,'Shipment Data'!$B$2:$B$1000,"<="&$B$6,'Shipment Data'!$Q$2:$Q$1000,"OK",'Shipment Data'!$D$2:$D$1000,$A45,'Shipment Data'!$O$2:$O$1000,"No") -> 2
A46: =Masters!A14 -> DEL-DED | B46: =Masters!B14&" - "&Masters!C14 -> Delhi - Dehradun | C46: =COUNTIFS('Shipment Data'!$B$2:$B$1000,">="&$B$5,'Shipment Data'!$B$2:$B$1000,"<="&$B$6,'Shipment Data'!$Q$2:$Q$1000,"OK",'Shipment Data'!$D$2:$D$1000,$A46) -> 2 | D46: =SUMIFS('Shipment Data'!$I$2:$I$1000,'Shipment Data'!$B$2:$B$1000,">="&$B$5,'Shipment Data'!$B$2:$B$1000,"<="&$B$6,'Shipment Data'!$Q$2:$Q$1000,"OK",'Shipment Data'!$D$2:$D$1000,$A46) -> 26120 | E46: =COUNTIFS('Shipment Data'!$B$2:$B$1000,">="&$B$5,'Shipment Data'!$B$2:$B$1000,"<="&$B$6,'Shipment Data'!$Q$2:$Q$1000,"OK",'Shipment Data'!$D$2:$D$1000,$A46,'Shipment Data'!$O$2:$O$1000,"No") -> 2
A47: =Masters!A15 -> DEL-BPL | B47: =Masters!B15&" - "&Masters!C15 -> Delhi - Bhopal | C47: =COUNTIFS('Shipment Data'!$B$2:$B$1000,">="&$B$5,'Shipment Data'!$B$2:$B$1000,"<="&$B$6,'Shipment Data'!$Q$2:$Q$1000,"OK",'Shipment Data'!$D$2:$D$1000,$A47) -> 4 | D47: =SUMIFS('Shipment Data'!$I$2:$I$1000,'Shipment Data'!$B$2:$B$1000,">="&$B$5,'Shipment Data'!$B$2:$B$1000,"<="&$B$6,'Shipment Data'!$Q$2:$Q$1000,"OK",'Shipment Data'!$D$2:$D$1000,$A47) -> 163520 | E47: =COUNTIFS('Shipment Data'!$B$2:$B$1000,">="&$B$5,'Shipment Data'!$B$2:$B$1000,"<="&$B$6,'Shipment Data'!$Q$2:$Q$1000,"OK",'Shipment Data'!$D$2:$D$1000,$A47,'Shipment Data'!$O$2:$O$1000,"No") -> 1
A48: =Masters!A16 -> DEL-IDR | B48: =Masters!B16&" - "&Masters!C16 -> Delhi - Indore | C48: =COUNTIFS('Shipment Data'!$B$2:$B$1000,">="&$B$5,'Shipment Data'!$B$2:$B$1000,"<="&$B$6,'Shipment Data'!$Q$2:$Q$1000,"OK",'Shipment Data'!$D$2:$D$1000,$A48) -> 2 | D48: =SUMIFS('Shipment Data'!$I$2:$I$1000,'Shipment Data'!$B$2:$B$1000,">="&$B$5,'Shipment Data'!$B$2:$B$1000,"<="&$B$6,'Shipment Data'!$Q$2:$Q$1000,"OK",'Shipment Data'!$D$2:$D$1000,$A48) -> 40320 | E48: =COUNTIFS('Shipment Data'!$B$2:$B$1000,">="&$B$5,'Shipment Data'!$B$2:$B$1000,"<="&$B$6,'Shipment Data'!$Q$2:$Q$1000,"OK",'Shipment Data'!$D$2:$D$1000,$A48,'Shipment Data'!$O$2:$O$1000,"No") -> 1
A49: Total | C49: =SUM(C37:C48) -> 64 | D49: =SUM(D37:D48) -> 1561381 | E49: =SUM(E37:E48) -> 23

Sheet Shipment Data
A1: Shipment ID | B1: Ship Date | C1: Client | D1: Route Code | E1: Origin | F1: Destination | G1: Weight (kg) | H1: Rate per kg (Rs) | I1: Freight Amount (Rs) | J1: Vehicle Type | K1: Promised Delivery | L1: Actual Delivery | M1: Delivery Status | N1: Delay Days | O1: On-Time? | P1: Month | Q1: Data Check
A2: SHP-2026-0001 | B2: 46116 | C2: Apex Electronics | D2: GZB-MRT | E2: =IFERROR(VLOOKUP(D2,Masters!$A$5:$E$16,2,FALSE()),"") -> Ghaziabad | F2: =IFERROR(VLOOKUP(D2,Masters!$A$5:$E$16,3,FALSE()),"") -> Meerut | G2: 3250 | H2: =IFERROR(INDEX(Masters!$D$5:$D$16,MATCH(D2,Masters!$A$5:$A$16,0)),"") -> 1.8 | I2: =IF(OR(G2="",H2=""),"",G2*H2) -> 5850 | J2: Eicher 14ft | K2: =IF(OR(B2="",D2=""),"",IFERROR(B2+VLOOKUP(D2,Masters!$A$5:$E$16,5,FALSE()),"")) -> 46117 | L2: 46117 | M2: Delivered | N2: =IF(OR(L2="",K2=""),"",MAX(0,L2-K2)) -> 0 | O2: =IF(M2="In Transit","Pending",IF(OR(L2="",K2=""),"",IF(L2<=K2,"Yes","No"))) -> Yes | P2: =IF(B2="","",DATE(YEAR(B2),MONTH(B2),1)) -> 46113 | Q2: =IF(OR(A2="",B2="",C2="",D2="",G2=""),"Missing Field",IF(COUNTIF($A$2:$A$1000,A2)>1,"Duplicate ID",IF(G2<=0,"Invalid Weight",IF(AND(L2<>"",L2<B2),"Delivery Before Ship Date",IF(AND(M2="Delivered",L2=""),"Delivered But No Date","OK"))))) -> OK
A3: SHP-2026-0002 | B3: 46117 | C3: Shree Ganesh Traders | D3: DEL-AMD | E3: =IFERROR(VLOOKUP(D3,Masters!$A$5:$E$16,2,FALSE()),"") -> Delhi | F3: =IFERROR(VLOOKUP(D3,Masters!$A$5:$E$16,3,FALSE()),"") -> Ahmedabad | G3: 600 | H3: =IFERROR(INDEX(Masters!$D$5:$D$16,MATCH(D3,Masters!$A$5:$A$16,0)),"") -> 7.5 | I3: =IF(OR(G3="",H3=""),"",G3*H3) -> 4500 | J3: Tata Ace (Mini) | K3: =IF(OR(B3="",D3=""),"",IFERROR(B3+VLOOKUP(D3,Masters!$A$5:$E$16,5,FALSE()),"")) -> 46121 | L3: 46121 | M3: Delivered | N3: =IF(OR(L3="",K3=""),"",MAX(0,L3-K3)) -> 0 | O3: =IF(M3="In Transit","Pending",IF(OR(L3="",K3=""),"",IF(L3<=K3,"Yes","No"))) -> Yes | P3: =IF(B3="","",DATE(YEAR(B3),MONTH(B3),1)) -> 46113 | Q3: =IF(OR(A3="",B3="",C3="",D3="",G3=""),"Missing Field",IF(COUNTIF($A$2:$A$1000,A3)>1,"Duplicate ID",IF(G3<=0,"Invalid Weight",IF(AND(L3<>"",L3<B3),"Delivery Before Ship Date",IF(AND(M3="Delivered",L3=""),"Delivered But No Date","OK"))))) -> OK
A4: SHP-2026-0003 | B4: 46123 | C4: Shree Ganesh Traders | D4: DEL-LKO | E4: =IFERROR(VLOOKUP(D4,Masters!$A$5:$E$16,2,FALSE()),"") -> Delhi | F4: =IFERROR(VLOOKUP(D4,Masters!$A$5:$E$16,3,FALSE()),"") -> Lucknow | G4: 6710 | H4: =IFERROR(INDEX(Masters!$D$5:$D$16,MATCH(D4,Masters!$A$5:$A$16,0)),"") -> 5.2 | I4: =IF(OR(G4="",H4=""),"",G4*H4) -> 34892 | J4: Container 20ft | K4: =IF(OR(B4="",D4=""),"",IFERROR(B4+VLOOKUP(D4,Masters!$A$5:$E$16,5,FALSE()),"")) -> 46126 | L4: 46129 | M4: Delivered | N4: =IF(OR(L4="",K4=""),"",MAX(0,L4-K4)) -> 3 | O4: =IF(M4="In Transit","Pending",IF(OR(L4="",K4=""),"",IF(L4<=K4,"Yes","No"))) -> No | P4: =IF(B4="","",DATE(YEAR(B4),MONTH(B4),1)) -> 46113 | Q4: =IF(OR(A4="",B4="",C4="",D4="",G4=""),"Missing Field",IF(COUNTIF($A$2:$A$1000,A4)>1,"Duplicate ID",IF(G4<=0,"Invalid Weight",IF(AND(L4<>"",L4<B4),"Delivery Before Ship Date",IF(AND(M4="Delivered",L4=""),"Delivered But No Date","OK"))))) -> OK
A5: SHP-2026-0004 | B5: 46124 | C5: Shree Ganesh Traders | D5: DEL-CCU | E5: =IFERROR(VLOOKUP(D5,Masters!$A$5:$E$16,2,FALSE()),"") -> Delhi | F5: =IFERROR(VLOOKUP(D5,Masters!$A$5:$E$16,3,FALSE()),"") -> Kolkata | G5: 2560 | H5: =IFERROR(INDEX(Masters!$D$5:$D$16,MATCH(D5,Masters!$A$5:$A$16,0)),"") -> 12 | I5: =IF(OR(G5="",H5=""),"",G5*H5) -> 30720 | J5: Eicher 14ft | K5: =IF(OR(B5="",D5=""),"",IFERROR(B5+VLOOKUP(D5,Masters!$A$5:$E$16,5,FALSE()),"")) -> 46131 | L5: 46136 | M5: Delivered | N5: =IF(OR(L5="",K5=""),"",MAX(0,L5-K5)) -> 5 | O5: =IF(M5="In Transit","Pending",IF(OR(L5="",K5=""),"",IF(L5<=K5,"Yes","No"))) -> No | P5: =IF(B5="","",DATE(YEAR(B5),MONTH(B5),1)) -> 46113 | Q5: =IF(OR(A5="",B5="",C5="",D5="",G5=""),"Missing Field",IF(COUNTIF($A$2:$A$1000,A5)>1,"Duplicate ID",IF(G5<=0,"Invalid Weight",IF(AND(L5<>"",L5<B5),"Delivery Before Ship Date",IF(AND(M5="Delivered",L5=""),"Delivered But No Date","OK"))))) -> OK
A6: SHP-2026-0005 | B6: 46124 | C6: Apex Electronics | D6: DEL-BOM | E6: =IFERROR(VLOOKUP(D6,Masters!$A$5:$E$16,2,FALSE()),"") -> Delhi | F6: =IFERROR(VLOOKUP(D6,Masters!$A$5:$E$16,3,FALSE()),"") -> Mumbai | G6: 2800 | H6: =IFERROR(INDEX(Masters!$D$5:$D$16,MATCH(D6,Masters!$A$5:$A$16,0)),"") -> 9.5 | I6: =IF(OR(G6="",H6=""),"",G6*H6) -> 26600 | J6: Eicher 14ft | K6: =IF(OR(B6="",D6=""),"",IFERROR(B6+VLOOKUP(D6,Masters!$A$5:$E$16,5,FALSE()),"")) -> 46130 | L6: 46130 | M6: Delivered | N6: =IF(OR(L6="",K6=""),"",MAX(0,L6-K6)) -> 0 | O6: =IF(M6="In Transit","Pending",IF(OR(L6="",K6=""),"",IF(L6<=K6,"Yes","No"))) -> Yes | P6: =IF(B6="","",DATE(YEAR(B6),MONTH(B6),1)) -> 46113 | Q6: =IF(OR(A6="",B6="",C6="",D6="",G6=""),"Missing Field",IF(COUNTIF($A$2:$A$1000,A6)>1,"Duplicate ID",IF(G6<=0,"Invalid Weight",IF(AND(L6<>"",L6<B6),"Delivery Before Ship Date",IF(AND(M6="Delivered",L6=""),"Delivered But No Date","OK"))))) -> OK
A7: SHP-2026-0006 | B7: 46127 | C7: Bharat Auto Components | D7: DEL-KNP | E7: =IFERROR(VLOOKUP(D7,Masters!$A$5:$E$16,2,FALSE()),"") -> Delhi | F7: =IFERROR(VLOOKUP(D7,Masters!$A$5:$E$16,3,FALSE()),"") -> Kanpur | G7: 1370 | H7: =IFERROR(INDEX(Masters!$D$5:$D$16,MATCH(D7,Masters!$A$5:$A$16,0)),"") -> 4.5 | I7: =IF(OR(G7="",H7=""),"",G7*H7) -> 6165 | J7: Tata 407 | K7: =IF(OR(B7="",D7=""),"",IFERROR(B7+VLOOKUP(D7,Masters!$A$5:$E$16,5,FALSE()),"")) -> 46130 | L7: 46130 | M7: Delivered | N7: =IF(OR(L7="",K7=""),"",MAX(0,L7-K7)) -> 0 | O7: =IF(M7="In Transit","Pending",IF(OR(L7="",K7=""),"",IF(L7<=K7,"Yes","No"))) -> Yes | P7: =IF(B7="","",DATE(YEAR(B7),MONTH(B7),1)) -> 46113 | Q7: =IF(OR(A7="",B7="",C7="",D7="",G7=""),"Missing Field",IF(COUNTIF($A$2:$A$1000,A7)>1,"Duplicate ID",IF(G7<=0,"Invalid Weight",IF(AND(L7<>"",L7<B7),"Delivery Before Ship Date",IF(AND(M7="Delivered",L7=""),"Delivered But No Date","OK"))))) -> OK
A8: SHP-2026-0007 | B8: 46127 | C8: Sharma Agro Foods | D8: DEL-AMD | E8: =IFERROR(VLOOKUP(D8,Masters!$A$5:$E$16,2,FALSE()),"") -> Delhi | F8: =IFERROR(VLOOKUP(D8,Masters!$A$5:$E$16,3,FALSE()),"") -> Ahmedabad | G8: 2630 | H8: =IFERROR(INDEX(Masters!$D$5:$D$16,MATCH(D8,Masters!$A$5:$A$16,0)),"") -> 7.5 | I8: =IF(OR(G8="",H8=""),"",G8*H8) -> 19725 | J8: Eicher 14ft | K8: =IF(OR(B8="",D8=""),"",IFERROR(B8+VLOOKUP(D8,Masters!$A$5:$E$16,5,FALSE()),"")) -> 46131 | L8: 46131 | M8: Delivered | N8: =IF(OR(L8="",K8=""),"",MAX(0,L8-K8)) -> 0 | O8: =IF(M8="In Transit","Pending",IF(OR(L8="",K8=""),"",IF(L8<=K8,"Yes","No"))) -> Yes | P8: =IF(B8="","",DATE(YEAR(B8),MONTH(B8),1)) -> 46113 | Q8: =IF(OR(A8="",B8="",C8="",D8="",G8=""),"Missing Field",IF(COUNTIF($A$2:$A$1000,A8)>1,"Duplicate ID",IF(G8<=0,"Invalid Weight",IF(AND(L8<>"",L8<B8),"Delivery Before Ship Date",IF(AND(M8="Delivered",L8=""),"Delivered But No Date","OK"))))) -> OK
A9: SHP-2026-0008 | B9: 46127 | C9: Shree Ganesh Traders | D9: GZB-MRT | E9: =IFERROR(VLOOKUP(D9,Masters!$A$5:$E$16,2,FALSE()),"") -> Ghaziabad | F9: =IFERROR(VLOOKUP(D9,Masters!$A$5:$E$16,3,FALSE()),"") -> Meerut | G9: 2810 | H9: =IFERROR(INDEX(Masters!$D$5:$D$16,MATCH(D9,Masters!$A$5:$A$16,0)),"") -> 1.8 | I9: =IF(OR(G9="",H9=""),"",G9*H9) -> 5058 | J9: Eicher 14ft | K9: =IF(OR(B9="",D9=""),"",IFERROR(B9+VLOOKUP(D9,Masters!$A$5:$E$16,5,FALSE()),"")) -> 46128 | L9: 46130 | M9: Delivered | N9: =IF(OR(L9="",K9=""),"",MAX(0,L9-K9)) -> 2 | O9: =IF(M9="In Transit","Pending",IF(OR(L9="",K9=""),"",IF(L9<=K9,"Yes","No"))) -> No | P9: =IF(B9="","",DATE(YEAR(B9),MONTH(B9),1)) -> 46113 | Q9: =IF(OR(A9="",B9="",C9="",D9="",G9=""),"Missing Field",IF(COUNTIF($A$2:$A$1000,A9)>1,"Duplicate ID",IF(G9<=0,"Invalid Weight",IF(AND(L9<>"",L9<B9),"Delivery Before Ship Date",IF(AND(M9="Delivered",L9=""),"Delivered But No Date","OK"))))) -> OK
A10: SHP-2026-0009 | B10: 46129 | C10: Krishna Steel Works | D10: DEL-AMD | E10: =IFERROR(VLOOKUP(D10,Masters!$A$5:$E$16,2,FALSE()),"") -> Delhi | F10: =IFERROR(VLOOKUP(D10,Masters!$A$5:$E$16,3,FALSE()),"") -> Ahmedabad | G10: 5770 | H10: =IFERROR(INDEX(Masters!$D$5:$D$16,MATCH(D10,Masters!$A$5:$A$16,0)),"") -> 7.5 | I10: =IF(OR(G10="",H10=""),"",G10*H10) -> 43275 | J10: Container 20ft | K10: =IF(OR(B10="",D10=""),"",IFERROR(B10+VLOOKUP(D10,Masters!$A$5:$E$16,5,FALSE()),"")) -> 46133 | L10: 46132 | M10: Delivered | N10: =IF(OR(L10="",K10=""),"",MAX(0,L10-K10)) -> 0 | O10: =IF(M10="In Transit","Pending",IF(OR(L10="",K10=""),"",IF(L10<=K10,"Yes","No"))) -> Yes | P10: =IF(B10="","",DATE(YEAR(B10),MONTH(B10),1)) -> 46113 | Q10: =IF(OR(A10="",B10="",C10="",D10="",G10=""),"Missing Field",IF(COUNTIF($A$2:$A$1000,A10)>1,"Duplicate ID",IF(G10<=0,"Invalid Weight",IF(AND(L10<>"",L10<B10),"Delivery Before Ship Date",IF(AND(M10="Delivered",L10=""),"Delivered But No Date","OK"))))) -> OK
A11: SHP-2026-0010 | B11: 46131 | C11: Metro Fabrics Pvt Ltd | D11: DEL-DED | E11: =IFERROR(VLOOKUP(D11,Masters!$A$5:$E$16,2,FALSE()),"") -> Delhi | F11: =IFERROR(VLOOKUP(D11,Masters!$A$5:$E$16,3,FALSE()),"") -> Dehradun | G11: 5870 | H11: =IFERROR(INDEX(Masters!$D$5:$D$16,MATCH(D11,Masters!$A$5:$A$16,0)),"") -> 4 | I11: =IF(OR(G11="",H11=""),"",G11*H11) -> 23480 | J11: Container 20ft | K11: =IF(OR(B11="",D11=""),"",IFERROR(B11+VLOOKUP(D11,Masters!$A$5:$E$16,5,FALSE()),"")) -> 46133 | L11: 46135 | M11: Delivered | N11: =IF(OR(L11="",K11=""),"",MAX(0,L11-K11)) -> 2 | O11: =IF(M11="In Transit","Pending",IF(OR(L11="",K11=""),"",IF(L11<=K11,"Yes","No"))) -> No | P11: =IF(B11="","",DATE(YEAR(B11),MONTH(B11),1)) -> 46113 | Q11: =IF(OR(A11="",B11="",C11="",D11="",G11=""),"Missing Field",IF(COUNTIF($A$2:$A$1000,A11)>1,"Duplicate ID",IF(G11<=0,"Invalid Weight",IF(AND(L11<>"",L11<B11),"Delivery Before Ship Date",IF(AND(M11="Delivered",L11=""),"Delivered But No Date","OK"))))) -> OK
A12: SHP-2026-0011 | B12: 46131 | C12: Sharma Agro Foods | D12: DEL-BPL | E12: =IFERROR(VLOOKUP(D12,Masters!$A$5:$E$16,2,FALSE()),"") -> Delhi | F12: =IFERROR(VLOOKUP(D12,Masters!$A$5:$E$16,3,FALSE()),"") -> Bhopal | H12: =IFERROR(INDEX(Masters!$D$5:$D$16,MATCH(D12,Masters!$A$5:$A$16,0)),"") -> 8 | I12: =IF(OR(G12="",H12=""),"",G12*H12) | J12: Container 20ft | K12: =IF(OR(B12="",D12=""),"",IFERROR(B12+VLOOKUP(D12,Masters!$A$5:$E$16,5,FALSE()),"")) -> 46136 | L12: 46137 | M12: Delivered | N12: =IF(OR(L12="",K12=""),"",MAX(0,L12-K12)) -> 1 | O12: =IF(M12="In Transit","Pending",IF(OR(L12="",K12=""),"",IF(L12<=K12,"Yes","No"))) -> No | P12: =IF(B12="","",DATE(YEAR(B12),MONTH(B12),1)) -> 46113 | Q12: =IF(OR(A12="",B12="",C12="",D12="",G12=""),"Missing Field",IF(COUNTIF($A$2:$A$1000,A12)>1,"Duplicate ID",IF(G12<=0,"Invalid Weight",IF(AND(L12<>"",L12<B12),"Delivery Before Ship Date",IF(AND(M12="Delivered",L12=""),"Delivered But No Date","OK"))))) -> Missing Field
A13: SHP-2026-0012 | B13: 46132 | C13: Kailash Pharma | D13: GZB-MRT | E13: =IFERROR(VLOOKUP(D13,Masters!$A$5:$E$16,2,FALSE()),"") -> Ghaziabad | F13: =IFERROR(VLOOKUP(D13,Masters!$A$5:$E$16,3,FALSE()),"") -> Meerut | G13: 9800 | H13: =IFERROR(INDEX(Masters!$D$5:$D$16,MATCH(D13,Masters!$A$5:$A$16,0)),"") -> 1.8 | I13: =IF(OR(G13="",H13=""),"",G13*H13) -> 17640 | J13: Trailer 32ft | K13: =IF(OR(B13="",D13=""),"",IFERROR(B13+VLOOKUP(D13,Masters!$A$5:$E$16,5,FALSE()),"")) -> 46133 | L13: 46133 | M13: Delivered | N13: =IF(OR(L13="",K13=""),"",MAX(0,L13-K13)) -> 0 | O13: =IF(M13="In Transit","Pending",IF(OR(L13="",K13=""),"",IF(L13<=K13,"Yes","No"))) -> Yes | P13: =IF(B13="","",DATE(YEAR(B13),MONTH(B13),1)) -> 46113 | Q13: =IF(OR(A13="",B13="",C13="",D13="",G13=""),"Missing Field",IF(COUNTIF($A$2:$A$1000,A13)>1,"Duplicate ID",IF(G13<=0,"Invalid Weight",IF(AND(L13<>"",L13<B13),"Delivery Before Ship Date",IF(AND(M13="Delivered",L13=""),"Delivered But No Date","OK"))))) -> OK
A14: SHP-2026-0013 | B14: 46135 | C14: Metro Fabrics Pvt Ltd | D14: DEL-JPR | E14: =IFERROR(VLOOKUP(D14,Masters!$A$5:$E$16,2,FALSE()),"") -> Delhi | F14: =IFERROR(VLOOKUP(D14,Masters!$A$5:$E$16,3,FALSE()),"") -> Jaipur | G14: 5570 | H14: =IFERROR(INDEX(Masters!$D$5:$D$16,MATCH(D14,Masters!$A$5:$A$16,0)),"") -> 3.5 | I14: =IF(OR(G14="",H14=""),"",G14*H14) -> 19495 | J14: Container 20ft | K14: =IF(OR(B14="",D14=""),"",IFERROR(B14+VLOOKUP(D14,Masters!$A$5:$E$16,5,FALSE()),"")) -> 46137 | L14: 46136 | M14: Delivered | N14: =IF(OR(L14="",K14=""),"",MAX(0,L14-K14)) -> 0 | O14: =IF(M14="In Transit","Pending",IF(OR(L14="",K14=""),"",IF(L14<=K14,"Yes","No"))) -> Yes | P14: =IF(B14="","",DATE(YEAR(B14),MONTH(B14),1)) -> 46113 | Q14: =IF(OR(A14="",B14="",C14="",D14="",G14=""),"Missing Field",IF(COUNTIF($A$2:$A$1000,A14)>1,"Duplicate ID",IF(G14<=0,"Invalid Weight",IF(AND(L14<>"",L14<B14),"Delivery Before Ship Date",IF(AND(M14="Delivered",L14=""),"Delivered But No Date","OK"))))) -> OK
A15: SHP-2026-0014 | B15: 46135 | C15: Apex Electronics | D15: DEL-CHD | E15: =IFERROR(VLOOKUP(D15,Masters!$A$5:$E$16,2,FALSE()),"") -> Delhi | F15: =IFERROR(VLOOKUP(D15,Masters!$A$5:$E$16,3,FALSE()),"") -> Chandigarh | G15: 1970 | H15: =IFERROR(INDEX(Masters!$D$5:$D$16,MATCH(D15,Masters!$A$5:$A$16,0)),"") -> 3 | I15: =IF(OR(G15="",H15=""),"",G15*H15) -> 5910 | J15: Tata 407 | K15: =IF(OR(B15="",D15=""),"",IFERROR(B15+VLOOKUP(D15,Masters!$A$5:$E$16,5,FALSE()),"")) -> 46137 | L15: 46136 | M15: Delivered | N15: =IF(OR(L15="",K15=""),"",MAX(0,L15-K15)) -> 0 | O15: =IF(M15="In Transit","Pending",IF(OR(L15="",K15=""),"",IF(L15<=K15,"Yes","No"))) -> Yes | P15: =IF(B15="","",DATE(YEAR(B15),MONTH(B15),1)) -> 46113 | Q15: =IF(OR(A15="",B15="",C15="",D15="",G15=""),"Missing Field",IF(COUNTIF($A$2:$A$1000,A15)>1,"Duplicate ID",IF(G15<=0,"Invalid Weight",IF(AND(L15<>"",L15<B15),"Delivery Before Ship Date",IF(AND(M15="Delivered",L15=""),"Delivered But No Date","OK"))))) -> OK
A16: SHP-2026-0015 | B16: 46135 | C16: Shree Ganesh Traders | D16: DEL-JPR | E16: =IFERROR(VLOOKUP(D16,Masters!$A$5:$E$16,2,FALSE()),"") -> Delhi | F16: =IFERROR(VLOOKUP(D16,Masters!$A$5:$E$16,3,FALSE()),"") -> Jaipur | G16: 10510 | H16: =IFERROR(INDEX(Masters!$D$5:$D$16,MATCH(D16,Masters!$A$5:$A$16,0)),"") -> 3.5 | I16: =IF(OR(G16="",H16=""),"",G16*H16) -> 36785 | J16: Trailer 32ft | K16: =IF(OR(B16="",D16=""),"",IFERROR(B16+VLOOKUP(D16,Masters!$A$5:$E$16,5,FALSE()),"")) -> 46137 | L16: 46137 | M16: Delivered | N16: =IF(OR(L16="",K16=""),"",MAX(0,L16-K16)) -> 0 | O16: =IF(M16="In Transit","Pending",IF(OR(L16="",K16=""),"",IF(L16<=K16,"Yes","No"))) -> Yes | P16: =IF(B16="","",DATE(YEAR(B16),MONTH(B16),1)) -> 46113 | Q16: =IF(OR(A16="",B16="",C16="",D16="",G16=""),"Missing Field",IF(COUNTIF($A$2:$A$1000,A16)>1,"Duplicate ID",IF(G16<=0,"Invalid Weight",IF(AND(L16<>"",L16<B16),"Delivery Before Ship Date",IF(AND(M16="Delivered",L16=""),"Delivered But No Date","OK"))))) -> OK
A17: SHP-2026-0016 | B17: 46136 | C17: Metro Fabrics Pvt Ltd | D17: DEL-CCU | E17: =IFERROR(VLOOKUP(D17,Masters!$A$5:$E$16,2,FALSE()),"") -> Delhi | F17: =IFERROR(VLOOKUP(D17,Masters!$A$5:$E$16,3,FALSE()),"") -> Kolkata | G17: 6440 | H17: =IFERROR(INDEX(Masters!$D$5:$D$16,MATCH(D17,Masters!$A$5:$A$16,0)),"") -> 12 | I17: =IF(OR(G17="",H17=""),"",G17*H17) -> 77280 | J17: Container 20ft | K17: =IF(OR(B17="",D17=""),"",IFERROR(B17+VLOOKUP(D17,Masters!$A$5:$E$16,5,FALSE()),"")) -> 46143 | L17: 46143 | M17: Delivered | N17: =IF(OR(L17="",K17=""),"",MAX(0,L17-K17)) -> 0 | O17: =IF(M17="In Transit","Pending",IF(OR(L17="",K17=""),"",IF(L17<=K17,"Yes","No"))) -> Yes | P17: =IF(B17="","",DATE(YEAR(B17),MONTH(B17),1)) -> 46113 | Q17: =IF(OR(A17="",B17="",C17="",D17="",G17=""),"Missing Field",IF(COUNTIF($A$2:$A$1000,A17)>1,"Duplicate ID",IF(G17<=0,"Invalid Weight",IF(AND(L17<>"",L17<B17),"Delivery Before Ship Date",IF(AND(M17="Delivered",L17=""),"Delivered But No Date","OK"))))) -> OK
A18: SHP-2026-0017 | B18: 46137 | C18: Apex Electronics | D18: DEL-BOM | E18: =IFERROR(VLOOKUP(D18,Masters!$A$5:$E$16,2,FALSE()),"") -> Delhi | F18: =IFERROR(VLOOKUP(D18,Masters!$A$5:$E$16,3,FALSE()),"") -> Mumbai | G18: 8720 | H18: =IFERROR(INDEX(Masters!$D$5:$D$16,MATCH(D18,Masters!$A$5:$A$16,0)),"") -> 9.5 | I18: =IF(OR(G18="",H18=""),"",G18*H18) -> 82840 | J18: Container 20ft | K18: =IF(OR(B18="",D18=""),"",IFERROR(B18+VLOOKUP(D18,Masters!$A$5:$E$16,5,FALSE()),"")) -> 46143 | L18: 46143 | M18: Delivered | N18: =IF(OR(L18="",K18=""),"",MAX(0,L18-K18)) -> 0 | O18: =IF(M18="In Transit","Pending",IF(OR(L18="",K18=""),"",IF(L18<=K18,"Yes","No"))) -> Yes | P18: =IF(B18="","",DATE(YEAR(B18),MONTH(B18),1)) -> 46113 | Q18: =IF(OR(A18="",B18="",C18="",D18="",G18=""),"Missing Field",IF(COUNTIF($A$2:$A$1000,A18)>1,"Duplicate ID",IF(G18<=0,"Invalid Weight",IF(AND(L18<>"",L18<B18),"Delivery Before Ship Date",IF(AND(M18="Delivered",L18=""),"Delivered But No Date","OK"))))) -> OK
A19: SHP-2026-0018 | B19: 46138 | C19: Sharma Agro Foods | D19: DEL-KNP | E19: =IFERROR(VLOOKUP(D19,Masters!$A$5:$E$16,2,FALSE()),"") -> Delhi | F19: =IFERROR(VLOOKUP(D19,Masters!$A$5:$E$16,3,FALSE()),"") -> Kanpur | G19: 9720 | H19: =IFERROR(INDEX(Masters!$D$5:$D$16,MATCH(D19,Masters!$A$5:$A$16,0)),"") -> 4.5 | I19: =IF(OR(G19="",H19=""),"",G19*H19) -> 43740 | J19: Trailer 32ft | K19: =IF(OR(B19="",D19=""),"",IFERROR(B19+VLOOKUP(D19,Masters!$A$5:$E$16,5,FALSE()),"")) -> 46141 | L19: 46141 | M19: Delivered | N19: =IF(OR(L19="",K19=""),"",MAX(0,L19-K19)) -> 0 | O19: =IF(M19="In Transit","Pending",IF(OR(L19="",K19=""),"",IF(L19<=K19,"Yes","No"))) -> Yes | P19: =IF(B19="","",DATE(YEAR(B19),MONTH(B19),1)) -> 46113 | Q19: =IF(OR(A19="",B19="",C19="",D19="",G19=""),"Missing Field",IF(COUNTIF($A$2:$A$1000,A19)>1,"Duplicate ID",IF(G19<=0,"Invalid Weight",IF(AND(L19<>"",L19<B19),"Delivery Before Ship Date",IF(AND(M19="Delivered",L19=""),"Delivered But No Date","OK"))))) -> OK
A20: SHP-2026-0019 | B20: 46139 | C20: Sunrise Furniture | D20: DEL-LKO | E20: =IFERROR(VLOOKUP(D20,Masters!$A$5:$E$16,2,FALSE()),"") -> Delhi | F20: =IFERROR(VLOOKUP(D20,Masters!$A$5:$E$16,3,FALSE()),"") -> Lucknow | G20: 7390 | H20: =IFERROR(INDEX(Masters!$D$5:$D$16,MATCH(D20,Masters!$A$5:$A$16,0)),"") -> 5.2 | I20: =IF(OR(G20="",H20=""),"",G20*H20) -> 38428 | J20: Container 20ft | K20: =IF(OR(B20="",D20=""),"",IFERROR(B20+VLOOKUP(D20,Masters!$A$5:$E$16,5,FALSE()),"")) -> 46142 | L20: 46142 | M20: Delivered | N20: =IF(OR(L20="",K20=""),"",MAX(0,L20-K20)) -> 0 | O20: =IF(M20="In Transit","Pending",IF(OR(L20="",K20=""),"",IF(L20<=K20,"Yes","No"))) -> Yes | P20: =IF(B20="","",DATE(YEAR(B20),MONTH(B20),1)) -> 46113 | Q20: =IF(OR(A20="",B20="",C20="",D20="",G20=""),"Missing Field",IF(COUNTIF($A$2:$A$1000,A20)>1,"Duplicate ID",IF(G20<=0,"Invalid Weight",IF(AND(L20<>"",L20<B20),"Delivery Before Ship Date",IF(AND(M20="Delivered",L20=""),"Delivered But No Date","OK"))))) -> OK
A21: SHP-2026-0020 | B21: 46141 | C21: Sharma Agro Foods | D21: DEL-CCU | E21: =IFERROR(VLOOKUP(D21,Masters!$A$5:$E$16,2,FALSE()),"") -> Delhi | F21: =IFERROR(VLOOKUP(D21,Masters!$A$5:$E$16,3,FALSE()),"") -> Kolkata | G21: 1820 | H21: =IFERROR(INDEX(Masters!$D$5:$D$16,MATCH(D21,Masters!$A$5:$A$16,0)),"") -> 12 | I21: =IF(OR(G21="",H21=""),"",G21*H21) -> 21840 | J21: Tata 407 | K21: =IF(OR(B21="",D21=""),"",IFERROR(B21+VLOOKUP(D21,Masters!$A$5:$E$16,5,FALSE()),"")) -> 46148 | L21: 46148 | M21: Delivered | N21: =IF(OR(L21="",K21=""),"",MAX(0,L21-K21)) -> 0 | O21: =IF(M21="In Transit","Pending",IF(OR(L21="",K21=""),"",IF(L21<=K21,"Yes","No"))) -> Yes | P21: =IF(B21="","",DATE(YEAR(B21),MONTH(B21),1)) -> 46113 | Q21: =IF(OR(A21="",B21="",C21="",D21="",G21=""),"Missing Field",IF(COUNTIF($A$2:$A$1000,A21)>1,"Duplicate ID",IF(G21<=0,"Invalid Weight",IF(AND(L21<>"",L21<B21),"Delivery Before Ship Date",IF(AND(M21="Delivered",L21=""),"Delivered But No Date","OK"))))) -> OK
A22: SHP-2026-0021 | B22: 46141 | C22: Sunrise Furniture | D22: DEL-CHD | E22: =IFERROR(VLOOKUP(D22,Masters!$A$5:$E$16,2,FALSE()),"") -> Delhi | F22: =IFERROR(VLOOKUP(D22,Masters!$A$5:$E$16,3,FALSE()),"") -> Chandigarh | G22: 2690 | H22: =IFERROR(INDEX(Masters!$D$5:$D$16,MATCH(D22,Masters!$A$5:$A$16,0)),"") -> 3 | I22: =IF(OR(G22="",H22=""),"",G22*H22) -> 8070 | J22: Eicher 14ft | K22: =IF(OR(B22="",D22=""),"",IFERROR(B22+VLOOKUP(D22,Masters!$A$5:$E$16,5,FALSE()),"")) -> 46143 | L22: 46146 | M22: Delivered | N22: =IF(OR(L22="",K22=""),"",MAX(0,L22-K22)) -> 3 | O22: =IF(M22="In Transit","Pending",IF(OR(L22="",K22=""),"",IF(L22<=K22,"Yes","No"))) -> No | P22: =IF(B22="","",DATE(YEAR(B22),MONTH(B22),1)) -> 46113 | Q22: =IF(OR(A22="",B22="",C22="",D22="",G22=""),"Missing Field",IF(COUNTIF($A$2:$A$1000,A22)>1,"Duplicate ID",IF(G22<=0,"Invalid Weight",IF(AND(L22<>"",L22<B22),"Delivery Before Ship Date",IF(AND(M22="Delivered",L22=""),"Delivered But No Date","OK"))))) -> OK
A23: SHP-2026-0022 | B23: 46142 | C23: Nova Home Appliances | D23: DEL-JPR | E23: =IFERROR(VLOOKUP(D23,Masters!$A$5:$E$16,2,FALSE()),"") -> Delhi | F23: =IFERROR(VLOOKUP(D23,Masters!$A$5:$E$16,3,FALSE()),"") -> Jaipur | G23: 1640 | H23: =IFERROR(INDEX(Masters!$D$5:$D$16,MATCH(D23,Masters!$A$5:$A$16,0)),"") -> 3.5 | I23: =IF(OR(G23="",H23=""),"",G23*H23) -> 5740 | J23: Tata 407 | K23: =IF(OR(B23="",D23=""),"",IFERROR(B23+VLOOKUP(D23,Masters!$A$5:$E$16,5,FALSE()),"")) -> 46144 | L23: 46144 | M23: Delivered | N23: =IF(OR(L23="",K23=""),"",MAX(0,L23-K23)) -> 0 | O23: =IF(M23="In Transit","Pending",IF(OR(L23="",K23=""),"",IF(L23<=K23,"Yes","No"))) -> Yes | P23: =IF(B23="","",DATE(YEAR(B23),MONTH(B23),1)) -> 46113 | Q23: =IF(OR(A23="",B23="",C23="",D23="",G23=""),"Missing Field",IF(COUNTIF($A$2:$A$1000,A23)>1,"Duplicate ID",IF(G23<=0,"Invalid Weight",IF(AND(L23<>"",L23<B23),"Delivery Before Ship Date",IF(AND(M23="Delivered",L23=""),"Delivered But No Date","OK"))))) -> OK
A24: SHP-2026-0023 | B24: 46142 | C24: Apex Electronics | D24: DEL-DED | E24: =IFERROR(VLOOKUP(D24,Masters!$A$5:$E$16,2,FALSE()),"") -> Delhi | F24: =IFERROR(VLOOKUP(D24,Masters!$A$5:$E$16,3,FALSE()),"") -> Dehradun | G24: 2960 | H24: =IFERROR(INDEX(Masters!$D$5:$D$16,MATCH(D24,Masters!$A$5:$A$16,0)),"") -> 4 | I24: =IF(OR(G24="",H24=""),"",G24*H24) -> 11840 | J24: Eicher 14ft | K24: =IF(OR(B24="",D24=""),"",IFERROR(B24+VLOOKUP(D24,Masters!$A$5:$E$16,5,FALSE()),"")) -> 46144 | L24: 46144 | M24: Delivered | N24: =IF(OR(L24="",K24=""),"",MAX(0,L24-K24)) -> 0 | O24: =IF(M24="In Transit","Pending",IF(OR(L24="",K24=""),"",IF(L24<=K24,"Yes","No"))) -> Yes | P24: =IF(B24="","",DATE(YEAR(B24),MONTH(B24),1)) -> 46113 | Q24: =IF(OR(A24="",B24="",C24="",D24="",G24=""),"Missing Field",IF(COUNTIF($A$2:$A$1000,A24)>1,"Duplicate ID",IF(G24<=0,"Invalid Weight",IF(AND(L24<>"",L24<B24),"Delivery Before Ship Date",IF(AND(M24="Delivered",L24=""),"Delivered But No Date","OK"))))) -> OK
... A63: SHP-2026-0062 | B63: 46161 | C63: Delta Packaging | D63: DEL-JPR | E63: =IFERROR(VLOOKUP(D63,Masters!$A$5:$E$16,2,FALSE()),"") -> Delhi | F63: =IFERROR(VLOOKUP(D63,Masters!$A$5:$E$16,3,FALSE()),"") -> Jaipur | G63: 2680 | H63: =IFERROR(INDEX(Masters!$D$5:$D$16,MATCH(D63,Masters!$A$5:$A$16,0)),"") -> 3.5 | I63: =IF(OR(G63="",H63=""),"",G63*H63) -> 9380 | J63: Eicher 14ft | K63: =IF(OR(B63="",D63=""),"",IFERROR(B63+VLOOKUP(D63,Masters!$A$5:$E$16,5,FALSE()),"")) -> 46163 | L63: 46165 | M63: Delivered | N63: =IF(OR(L63="",K63=""),"",MAX(0,L63-K63)) -> 2 | O63: =IF(M63="In Transit","Pending",IF(OR(L63="",K63=""),"",IF(L63<=K63,"Yes","No"))) -> No | P63: =IF(B63="","",DATE(YEAR(B63),MONTH(B63),1)) -> 46143 | Q63: =IF(OR(A63="",B63="",C63="",D63="",G63=""),"Missing Field",IF(COUNTIF($A$2:$A$1000,A63)>1,"Duplicate ID",IF(G63<=0,"Invalid Weight",IF(AND(L63<>"",L63<B63),"Delivery Before Ship Date",IF(AND(M63="Delivered",L63=""),"Delivered But No Date","OK"))))) -> OK
A64: SHP-2026-0063 | B64: 46162 | C64: Sharma Agro Foods | D64: DEL-DED | E64: =IFERROR(VLOOKUP(D64,Masters!$A$5:$E$16,2,FALSE()),"") -> Delhi | F64: =IFERROR(VLOOKUP(D64,Masters!$A$5:$E$16,3,FALSE()),"") -> Dehradun | G64: 4690 | H64: =IFERROR(INDEX(Masters!$D$5:$D$16,MATCH(D64,Masters!$A$5:$A$16,0)),"") -> 4 | I64: =IF(OR(G64="",H64=""),"",G64*H64) -> 18760 | J64: Eicher 14ft | K64: =IF(OR(B64="",D64=""),"",IFERROR(B64+VLOOKUP(D64,Masters!$A$5:$E$16,5,FALSE()),"")) -> 46164 | M64: Delivered | N64: =IF(OR(L64="",K64=""),"",MAX(0,L64-K64)) | O64: =IF(M64="In Transit","Pending",IF(OR(L64="",K64=""),"",IF(L64<=K64,"Yes","No"))) | P64: =IF(B64="","",DATE(YEAR(B64),MONTH(B64),1)) -> 46143 | Q64: =IF(OR(A64="",B64="",C64="",D64="",G64=""),"Missing Field",IF(COUNTIF($A$2:$A$1000,A64)>1,"Duplicate ID",IF(G64<=0,"Invalid Weight",IF(AND(L64<>"",L64<B64),"Delivery Before Ship Date",IF(AND(M64="Delivered",L64=""),"Delivered But No Date","OK"))))) -> Delivered But No Date
A65: SHP-2026-0064 | B65: 46166 | C65: Apex Electronics | D65: GZB-MRT | E65: =IFERROR(VLOOKUP(D65,Masters!$A$5:$E$16,2,FALSE()),"") -> Ghaziabad | F65: =IFERROR(VLOOKUP(D65,Masters!$A$5:$E$16,3,FALSE()),"") -> Meerut | G65: 8050 | H65: =IFERROR(INDEX(Masters!$D$5:$D$16,MATCH(D65,Masters!$A$5:$A$16,0)),"") -> 1.8 | I65: =IF(OR(G65="",H65=""),"",G65*H65) -> 14490 | J65: Container 20ft | K65: =IF(OR(B65="",D65=""),"",IFERROR(B65+VLOOKUP(D65,Masters!$A$5:$E$16,5,FALSE()),"")) -> 46167 | L65: 46167 | M65: Delivered | N65: =IF(OR(L65="",K65=""),"",MAX(0,L65-K65)) -> 0 | O65: =IF(M65="In Transit","Pending",IF(OR(L65="",K65=""),"",IF(L65<=K65,"Yes","No"))) -> Yes | P65: =IF(B65="","",DATE(YEAR(B65),MONTH(B65),1)) -> 46143 | Q65: =IF(OR(A65="",B65="",C65="",D65="",G65=""),"Missing Field",IF(COUNTIF($A$2:$A$1000,A65)>1,"Duplicate ID",IF(G65<=0,"Invalid Weight",IF(AND(L65<>"",L65<B65),"Delivery Before Ship Date",IF(AND(M65="Delivered",L65=""),"Delivered But No Date","OK"))))) -> OK
A66: SHP-2026-0065 | B66: 46167 | C66: Kailash Pharma | D66: DEL-AGR | E66: =IFERROR(VLOOKUP(D66,Masters!$A$5:$E$16,2,FALSE()),"") -> Delhi | F66: =IFERROR(VLOOKUP(D66,Masters!$A$5:$E$16,3,FALSE()),"") -> Agra | G66: 2690 | H66: =IFERROR(INDEX(Masters!$D$5:$D$16,MATCH(D66,Masters!$A$5:$A$16,0)),"") -> 2.8 | I66: =IF(OR(G66="",H66=""),"",G66*H66) -> 7532 | J66: Eicher 14ft | K66: =IF(OR(B66="",D66=""),"",IFERROR(B66+VLOOKUP(D66,Masters!$A$5:$E$16,5,FALSE()),"")) -> 46169 | L66: 46169 | M66: Delivered | N66: =IF(OR(L66="",K66=""),"",MAX(0,L66-K66)) -> 0 | O66: =IF(M66="In Transit","Pending",IF(OR(L66="",K66=""),"",IF(L66<=K66,"Yes","No"))) -> Yes | P66: =IF(B66="","",DATE(YEAR(B66),MONTH(B66),1)) -> 46143 | Q66: =IF(OR(A66="",B66="",C66="",D66="",G66=""),"Missing Field",IF(COUNTIF($A$2:$A$1000,A66)>1,"Duplicate ID",IF(G66<=0,"Invalid Weight",IF(AND(L66<>"",L66<B66),"Delivery Before Ship Date",IF(AND(M66="Delivered",L66=""),"Delivered But No Date","OK"))))) -> OK
A67: SHP-2026-0066 | B67: 46167 | C67: Kailash Pharma | D67: DEL-CHD | E67: =IFERROR(VLOOKUP(D67,Masters!$A$5:$E$16,2,FALSE()),"") -> Delhi | F67: =IFERROR(VLOOKUP(D67,Masters!$A$5:$E$16,3,FALSE()),"") -> Chandigarh | G67: 2820 | H67: =IFERROR(INDEX(Masters!$D$5:$D$16,MATCH(D67,Masters!$A$5:$A$16,0)),"") -> 3 | I67: =IF(OR(G67="",H67=""),"",G67*H67) -> 8460 | J67: Eicher 14ft | K67: =IF(OR(B67="",D67=""),"",IFERROR(B67+VLOOKUP(D67,Masters!$A$5:$E$16,5,FALSE()),"")) -> 46169 | L67: 46165 | M67: Delivered | N67: =IF(OR(L67="",K67=""),"",MAX(0,L67-K67)) -> 0 | O67: =IF(M67="In Transit","Pending",IF(OR(L67="",K67=""),"",IF(L67<=K67,"Yes","No"))) -> Yes | P67: =IF(B67="","",DATE(YEAR(B67),MONTH(B67),1)) -> 46143 | Q67: =IF(OR(A67="",B67="",C67="",D67="",G67=""),"Missing Field",IF(COUNTIF($A$2:$A$1000,A67)>1,"Duplicate ID",IF(G67<=0,"Invalid Weight",IF(AND(L67<>"",L67<B67),"Delivery Before Ship Date",IF(AND(M67="Delivered",L67=""),"Delivered But No Date","OK"))))) -> Delivery Before Ship Date
A68: SHP-2026-0067 | B68: 46167 | C68: Delta Packaging | D68: DEL-AGR | E68: =IFERROR(VLOOKUP(D68,Masters!$A$5:$E$16,2,FALSE()),"") -> Delhi | F68: =IFERROR(VLOOKUP(D68,Masters!$A$5:$E$16,3,FALSE()),"") -> Agra | G68: 10000 | H68: =IFERROR(INDEX(Masters!$D$5:$D$16,MATCH(D68,Masters!$A$5:$A$16,0)),"") -> 2.8 | I68: =IF(OR(G68="",H68=""),"",G68*H68) -> 28000 | J68: Trailer 32ft | K68: =IF(OR(B68="",D68=""),"",IFERROR(B68+VLOOKUP(D68,Masters!$A$5:$E$16,5,FALSE()),"")) -> 46169 | L68: 46169 | M68: Delivered | N68: =IF(OR(L68="",K68=""),"",MAX(0,L68-K68)) -> 0 | O68: =IF(M68="In Transit","Pending",IF(OR(L68="",K68=""),"",IF(L68<=K68,"Yes","No"))) -> Yes | P68: =IF(B68="","",DATE(YEAR(B68),MONTH(B68),1)) -> 46143 | Q68: =IF(OR(A68="",B68="",C68="",D68="",G68=""),"Missing Field",IF(COUNTIF($A$2:$A$1000,A68)>1,"Duplicate ID",IF(G68<=0,"Invalid Weight",IF(AND(L68<>"",L68<B68),"Delivery Before Ship Date",IF(AND(M68="Delivered",L68=""),"Delivered But No Date","OK"))))) -> OK
A69: SHP-2026-0068 | B69: 46168 | C69: Sharma Agro Foods | D69: DEL-IDR | E69: =IFERROR(VLOOKUP(D69,Masters!$A$5:$E$16,2,FALSE()),"") -> Delhi | F69: =IFERROR(VLOOKUP(D69,Masters!$A$5:$E$16,3,FALSE()),"") -> Indore | G69: 4440 | H69: =IFERROR(INDEX(Masters!$D$5:$D$16,MATCH(D69,Masters!$A$5:$A$16,0)),"") -> 9 | I69: =IF(OR(G69="",H69=""),"",G69*H69) -> 39960 | J69: Eicher 14ft | K69: =IF(OR(B69="",D69=""),"",IFERROR(B69+VLOOKUP(D69,Masters!$A$5:$E$16,5,FALSE()),"")) -> 46173 | L69: 46175 | M69: Delivered | N69: =IF(OR(L69="",K69=""),"",MAX(0,L69-K69)) -> 2 | O69: =IF(M69="In Transit","Pending",IF(OR(L69="",K69=""),"",IF(L69<=K69,"Yes","No"))) -> No | P69: =IF(B69="","",DATE(YEAR(B69),MONTH(B69),1)) -> 46143 | Q69: =IF(OR(A69="",B69="",C69="",D69="",G69=""),"Missing Field",IF(COUNTIF($A$2:$A$1000,A69)>1,"Duplicate ID",IF(G69<=0,"Invalid Weight",IF(AND(L69<>"",L69<B69),"Delivery Before Ship Date",IF(AND(M69="Delivered",L69=""),"Delivered But No Date","OK"))))) -> OK
A70: SHP-2026-0069 | B70: 46168 | C70: Krishna Steel Works | D70: DEL-IDR | E70: =IFERROR(VLOOKUP(D70,Masters!$A$5:$E$16,2,FALSE()),"") -> Delhi | F70: =IFERROR(VLOOKUP(D70,Masters!$A$5:$E$16,3,FALSE()),"") -> Indore | G70: 3140 | H70: =IFERROR(INDEX(Masters!$D$5:$D$16,MATCH(D70,Masters!$A$5:$A$16,0)),"") -> 9 | I70: =IF(OR(G70="",H70=""),"",G70*H70) -> 28260 | J70: Eicher 14ft | K70: =IF(OR(B70="",D70=""),"",IFERROR(B70+VLOOKUP(D70,Masters!$A$5:$E$16,5,FALSE()),"")) -> 46173 | L70: 46178 | M70: Delivered | N70: =IF(OR(L70="",K70=""),"",MAX(0,L70-K70)) -> 5 | O70: =IF(M70="In Transit","Pending",IF(OR(L70="",K70=""),"",IF(L70<=K70,"Yes","No"))) -> No | P70: =IF(B70="","",DATE(YEAR(B70),MONTH(B70),1)) -> 46143 | Q70: =IF(OR(A70="",B70="",C70="",D70="",G70=""),"Missing Field",IF(COUNTIF($A$2:$A$1000,A70)>1,"Duplicate ID",IF(G70<=0,"Invalid Weight",IF(AND(L70<>"",L70<B70),"Delivery Before Ship Date",IF(AND(M70="Delivered",L70=""),"Delivered But No Date","OK"))))) -> OK
A71: SHP-2026-0070 | B71: 46168 | C71: Apex Electronics | D71: DEL-KNP | E71: =IFERROR(VLOOKUP(D71,Masters!$A$5:$E$16,2,FALSE()),"") -> Delhi | F71: =IFERROR(VLOOKUP(D71,Masters!$A$5:$E$16,3,FALSE()),"") -> Kanpur | G71: 3670 | H71: =IFERROR(INDEX(Masters!$D$5:$D$16,MATCH(D71,Masters!$A$5:$A$16,0)),"") -> 4.5 | I71: =IF(OR(G71="",H71=""),"",G71*H71) -> 16515 | J71: Eicher 14ft | K71: =IF(OR(B71="",D71=""),"",IFERROR(B71+VLOOKUP(D71,Masters!$A$5:$E$16,5,FALSE()),"")) -> 46171 | L71: 46171 | M71: Delivered | N71: =IF(OR(L71="",K71=""),"",MAX(0,L71-K71)) -> 0 | O71: =IF(M71="In Transit","Pending",IF(OR(L71="",K71=""),"",IF(L71<=K71,"Yes","No"))) -> Yes | P71: =IF(B71="","",DATE(YEAR(B71),MONTH(B71),1)) -> 46143 | Q71: =IF(OR(A71="",B71="",C71="",D71="",G71=""),"Missing Field",IF(COUNTIF($A$2:$A$1000,A71)>1,"Duplicate ID",IF(G71<=0,"Invalid Weight",IF(AND(L71<>"",L71<B71),"Delivery Before Ship Date",IF(AND(M71="Delivered",L71=""),"Delivered But No Date","OK"))))) -> OK
A72: SHP-2026-0071 | B72: 46168 | C72: Sharma Agro Foods | D72: DEL-AMD | E72: =IFERROR(VLOOKUP(D72,Masters!$A$5:$E$16,2,FALSE()),"") -> Delhi | F72: =IFERROR(VLOOKUP(D72,Masters!$A$5:$E$16,3,FALSE()),"") -> Ahmedabad | G72: 1300 | H72: =IFERROR(INDEX(Masters!$D$5:$D$16,MATCH(D72,Masters!$A$5:$A$16,0)),"") -> 7.5 | I72: =IF(OR(G72="",H72=""),"",G72*H72) -> 9750 | J72: Tata 407 | K72: =IF(OR(B72="",D72=""),"",IFERROR(B72+VLOOKUP(D72,Masters!$A$5:$E$16,5,FALSE()),"")) -> 46172 | L72: 46172 | M72: Delivered | N72: =IF(OR(L72="",K72=""),"",MAX(0,L72-K72)) -> 0 | O72: =IF(M72="In Transit","Pending",IF(OR(L72="",K72=""),"",IF(L72<=K72,"Yes","No"))) -> Yes | P72: =IF(B72="","",DATE(YEAR(B72),MONTH(B72),1)) -> 46143 | Q72: =IF(OR(A72="",B72="",C72="",D72="",G72=""),"Missing Field",IF(COUNTIF($A$2:$A$1000,A72)>1,"Duplicate ID",IF(G72<=0,"Invalid Weight",IF(AND(L72<>"",L72<B72),"Delivery Before Ship Date",IF(AND(M72="Delivered",L72=""),"Delivered But No Date","OK"))))) -> OK
A73: SHP-2026-0072 | B73: 46169 | C73: Kailash Pharma | D73: DEL-CHD | E73: =IFERROR(VLOOKUP(D73,Masters!$A$5:$E$16,2,FALSE()),"") -> Delhi | F73: =IFERROR(VLOOKUP(D73,Masters!$A$5:$E$16,3,FALSE()),"") -> Chandigarh | G73: 6870 | H73: =IFERROR(INDEX(Masters!$D$5:$D$16,MATCH(D73,Masters!$A$5:$A$16,0)),"") -> 3 | I73: =IF(OR(G73="",H73=""),"",G73*H73) -> 20610 | J73: Container 20ft | K73: =IF(OR(B73="",D73=""),"",IFERROR(B73+VLOOKUP(D73,Masters!$A$5:$E$16,5,FALSE()),"")) -> 46171 | L73: 46170 | M73: Delivered | N73: =IF(OR(L73="",K73=""),"",MAX(0,L73-K73)) -> 0 | O73: =IF(M73="In Transit","Pending",IF(OR(L73="",K73=""),"",IF(L73<=K73,"Yes","No"))) -> Yes | P73: =IF(B73="","",DATE(YEAR(B73),MONTH(B73),1)) -> 46143 | Q73: =IF(OR(A73="",B73="",C73="",D73="",G73=""),"Missing Field",IF(COUNTIF($A$2:$A$1000,A73)>1,"Duplicate ID",IF(G73<=0,"Invalid Weight",IF(AND(L73<>"",L73<B73),"Delivery Before Ship Date",IF(AND(M73="Delivered",L73=""),"Delivered But No Date","OK"))))) -> OK
A74: SHP-2026-0073 | B74: 46169 | C74: Kailash Pharma | D74: DEL-AMD | E74: =IFERROR(VLOOKUP(D74,Masters!$A$5:$E$16,2,FALSE()),"") -> Delhi | F74: =IFERROR(VLOOKUP(D74,Masters!$A$5:$E$16,3,FALSE()),"") -> Ahmedabad | G74: 4250 | H74: =IFERROR(INDEX(Masters!$D$5:$D$16,MATCH(D74,Masters!$A$5:$A$16,0)),"") -> 7.5 | I74: =IF(OR(G74="",H74=""),"",G74*H74) -> 31875 | J74: Eicher 14ft | K74: =IF(OR(B74="",D74=""),"",IFERROR(B74+VLOOKUP(D74,Masters!$A$5:$E$16,5,FALSE()),"")) -> 46173 | L74: 46172 | M74: Delivered | N74: =IF(OR(L74="",K74=""),"",MAX(0,L74-K74)) -> 0 | O74: =IF(M74="In Transit","Pending",IF(OR(L74="",K74=""),"",IF(L74<=K74,"Yes","No"))) -> Yes | P74: =IF(B74="","",DATE(YEAR(B74),MONTH(B74),1)) -> 46143 | Q74: =IF(OR(A74="",B74="",C74="",D74="",G74=""),"Missing Field",IF(COUNTIF($A$2:$A$1000,A74)>1,"Duplicate ID",IF(G74<=0,"Invalid Weight",IF(AND(L74<>"",L74<B74),"Delivery Before Ship Date",IF(AND(M74="Delivered",L74=""),"Delivered But No Date","OK"))))) -> OK
A75: SHP-2026-0074 | B75: 46171 | C75: Apex Electronics | D75: DEL-CCU | E75: =IFERROR(VLOOKUP(D75,Masters!$A$5:$E$16,2,FALSE()),"") -> Delhi | F75: =IFERROR(VLOOKUP(D75,Masters!$A$5:$E$16,3,FALSE()),"") -> Kolkata | G75: 2910 | H75: =IFERROR(INDEX(Masters!$D$5:$D$16,MATCH(D75,Masters!$A$5:$A$16,0)),"") -> 12 | I75: =IF(OR(G75="",H75=""),"",G75*H75) -> 34920 | J75: Eicher 14ft | K75: =IF(OR(B75="",D75=""),"",IFERROR(B75+VLOOKUP(D75,Masters!$A$5:$E$16,5,FALSE()),"")) -> 46178 | L75: 46178 | M75: Delivered | N75: =IF(OR(L75="",K75=""),"",MAX(0,L75-K75)) -> 0 | O75: =IF(M75="In Transit","Pending",IF(OR(L75="",K75=""),"",IF(L75<=K75,"Yes","No"))) -> Yes | P75: =IF(B75="","",DATE(YEAR(B75),MONTH(B75),1)) -> 46143 | Q75: =IF(OR(A75="",B75="",C75="",D75="",G75=""),"Missing Field",IF(COUNTIF($A$2:$A$1000,A75)>1,"Duplicate ID",IF(G75<=0,"Invalid Weight",IF(AND(L75<>"",L75<B75),"Delivery Before Ship Date",IF(AND(M75="Delivered",L75=""),"Delivered But No Date","OK"))))) -> OK
A76: SHP-2026-0075 | B76: 46172 | C76: Nova Home Appliances | D76: GZB-MRT | E76: =IFERROR(VLOOKUP(D76,Masters!$A$5:$E$16,2,FALSE()),"") -> Ghaziabad | F76: =IFERROR(VLOOKUP(D76,Masters!$A$5:$E$16,3,FALSE()),"") -> Meerut | G76: 8090 | H76: =IFERROR(INDEX(Masters!$D$5:$D$16,MATCH(D76,Masters!$A$5:$A$16,0)),"") -> 1.8 | I76: =IF(OR(G76="",H76=""),"",G76*H76) -> 14562 | J76: Container 20ft | K76: =IF(OR(B76="",D76=""),"",IFERROR(B76+VLOOKUP(D76,Masters!$A$5:$E$16,5,FALSE()),"")) -> 46173 | L76: 46176 | M76: Delivered | N76: =IF(OR(L76="",K76=""),"",MAX(0,L76-K76)) -> 3 | O76: =IF(M76="In Transit","Pending",IF(OR(L76="",K76=""),"",IF(L76<=K76,"Yes","No"))) -> No | P76: =IF(B76="","",DATE(YEAR(B76),MONTH(B76),1)) -> 46143 | Q76: =IF(OR(A76="",B76="",C76="",D76="",G76=""),"Missing Field",IF(COUNTIF($A$2:$A$1000,A76)>1,"Duplicate ID",IF(G76<=0,"Invalid Weight",IF(AND(L76<>"",L76<B76),"Delivery Before Ship Date",IF(AND(M76="Delivered",L76=""),"Delivered But No Date","OK"))))) -> OK
A77: SHP-2026-0076 | B77: 46172 | C77: Metro Fabrics Pvt Ltd | D77: DEL-IDR | E77: =IFERROR(VLOOKUP(D77,Masters!$A$5:$E$16,2,FALSE()),"") -> Delhi | F77: =IFERROR(VLOOKUP(D77,Masters!$A$5:$E$16,3,FALSE()),"") -> Indore | G77: 5900 | H77: =IFERROR(INDEX(Masters!$D$5:$D$16,MATCH(D77,Masters!$A$5:$A$16,0)),"") -> 9 | I77: =IF(OR(G77="",H77=""),"",G77*H77) -> 53100 | J77: Container 20ft | K77: =IF(OR(B77="",D77=""),"",IFERROR(B77+VLOOKUP(D77,Masters!$A$5:$E$16,5,FALSE()),"")) -> 46177 | L77: 46176 | M77: Delivered | N77: =IF(OR(L77="",K77=""),"",MAX(0,L77-K77)) -> 0 | O77: =IF(M77="In Transit","Pending",IF(OR(L77="",K77=""),"",IF(L77<=K77,"Yes","No"))) -> Yes | P77: =IF(B77="","",DATE(YEAR(B77),MONTH(B77),1)) -> 46143 | Q77: =IF(OR(A77="",B77="",C77="",D77="",G77=""),"Missing Field",IF(COUNTIF($A$2:$A$1000,A77)>1,"Duplicate ID",IF(G77<=0,"Invalid Weight",IF(AND(L77<>"",L77<B77),"Delivery Before Ship Date",IF(AND(M77="Delivered",L77=""),"Delivered But No Date","OK"))))) -> OK
A78: SHP-2026-0077 | B78: 46172 | D78: DEL-IDR | E78: =IFERROR(VLOOKUP(D78,Masters!$A$5:$E$16,2,FALSE()),"") -> Delhi | F78: =IFERROR(VLOOKUP(D78,Masters!$A$5:$E$16,3,FALSE()),"") -> Indore | G78: 5580 | H78: =IFERROR(INDEX(Masters!$D$5:$D$16,MATCH(D78,Masters!$A$5:$A$16,0)),"") -> 9 | I78: =IF(OR(G78="",H78=""),"",G78*H78) -> 50220 | J78: Container 20ft | K78: =IF(OR(B78="",D78=""),"",IFERROR(B78+VLOOKUP(D78,Masters!$A$5:$E$16,5,FALSE()),"")) -> 46177 | L78: 46179 | M78: Delivered | N78: =IF(OR(L78="",K78=""),"",MAX(0,L78-K78)) -> 2 | O78: =IF(M78="In Transit","Pending",IF(OR(L78="",K78=""),"",IF(L78<=K78,"Yes","No"))) -> No | P78: =IF(B78="","",DATE(YEAR(B78),MONTH(B78),1)) -> 46143 | Q78: =IF(OR(A78="",B78="",C78="",D78="",G78=""),"Missing Field",IF(COUNTIF($A$2:$A$1000,A78)>1,"Duplicate ID",IF(G78<=0,"Invalid Weight",IF(AND(L78<>"",L78<B78),"Delivery Before Ship Date",IF(AND(M78="Delivered",L78=""),"Delivered But No Date","OK"))))) -> Missing Field
A79: SHP-2026-0078 | B79: 46173 | C79: Nova Home Appliances | D79: DEL-JPR | E79: =IFERROR(VLOOKUP(D79,Masters!$A$5:$E$16,2,FALSE()),"") -> Delhi | F79: =IFERROR(VLOOKUP(D79,Masters!$A$5:$E$16,3,FALSE()),"") -> Jaipur | G79: 6310 | H79: =IFERROR(INDEX(Masters!$D$5:$D$16,MATCH(D79,Masters!$A$5:$A$16,0)),"") -> 3.5 | I79: =IF(OR(G79="",H79=""),"",G79*H79) -> 22085 | J79: Container 20ft | K79: =IF(OR(B79="",D79=""),"",IFERROR(B79+VLOOKUP(D79,Masters!$A$5:$E$16,5,FALSE()),"")) -> 46175 | L79: 46178 | M79: Delivered | N79: =IF(OR(L79="",K79=""),"",MAX(0,L79-K79)) -> 3 | O79: =IF(M79="In Transit","Pending",IF(OR(L79="",K79=""),"",IF(L79<=K79,"Yes","No"))) -> No | P79: =IF(B79="","",DATE(YEAR(B79),MONTH(B79),1)) -> 46143 | Q79: =IF(OR(A79="",B79="",C79="",D79="",G79=""),"Missing Field",IF(COUNTIF($A$2:$A$1000,A79)>1,"Duplicate ID",IF(G79<=0,"Invalid Weight",IF(AND(L79<>"",L79<B79),"Delivery Before Ship Date",IF(AND(M79="Delivered",L79=""),"Delivered But No Date","OK"))))) -> OK
A80: SHP-2026-0079 | B80: 46174 | C80: Apex Electronics | D80: DEL-AGR | E80: =IFERROR(VLOOKUP(D80,Masters!$A$5:$E$16,2,FALSE()),"") -> Delhi | F80: =IFERROR(VLOOKUP(D80,Masters!$A$5:$E$16,3,FALSE()),"") -> Agra | G80: 5830 | H80: =IFERROR(INDEX(Masters!$D$5:$D$16,MATCH(D80,Masters!$A$5:$A$16,0)),"") -> 2.8 | I80: =IF(OR(G80="",H80=""),"",G80*H80) -> 16324 | J80: Container 20ft | K80: =IF(OR(B80="",D80=""),"",IFERROR(B80+VLOOKUP(D80,Masters!$A$5:$E$16,5,FALSE()),"")) -> 46176 | L80: 46176 | M80: Delivered | N80: =IF(OR(L80="",K80=""),"",MAX(0,L80-K80)) -> 0 | O80: =IF(M80="In Transit","Pending",IF(OR(L80="",K80=""),"",IF(L80<=K80,"Yes","No"))) -> Yes | P80: =IF(B80="","",DATE(YEAR(B80),MONTH(B80),1)) -> 46174 | Q80: =IF(OR(A80="",B80="",C80="",D80="",G80=""),"Missing Field",IF(COUNTIF($A$2:$A$1000,A80)>1,"Duplicate ID",IF(G80<=0,"Invalid Weight",IF(AND(L80<>"",L80<B80),"Delivery Before Ship Date",IF(AND(M80="Delivered",L80=""),"Delivered But No Date","OK"))))) -> OK
A81: SHP-2026-0080 | B81: 46176 | C81: Bharat Auto Components | D81: DEL-JPR | E81: =IFERROR(VLOOKUP(D81,Masters!$A$5:$E$16,2,FALSE()),"") -> Delhi | F81: =IFERROR(VLOOKUP(D81,Masters!$A$5:$E$16,3,FALSE()),"") -> Jaipur | G81: 3930 | H81: =IFERROR(INDEX(Masters!$D$5:$D$16,MATCH(D81,Masters!$A$5:$A$16,0)),"") -> 3.5 | I81: =IF(OR(G81="",H81=""),"",G81*H81) -> 13755 | J81: Eicher 14ft | K81: =IF(OR(B81="",D81=""),"",IFERROR(B81+VLOOKUP(D81,Masters!$A$5:$E$16,5,FALSE()),"")) -> 46178 | L81: 46178 | M81: Delivered | N81: =IF(OR(L81="",K81=""),"",MAX(0,L81-K81)) -> 0 | O81: =IF(M81="In Transit","Pending",IF(OR(L81="",K81=""),"",IF(L81<=K81,"Yes","No"))) -> Yes | P81: =IF(B81="","",DATE(YEAR(B81),MONTH(B81),1)) -> 46174 | Q81: =IF(OR(A81="",B81="",C81="",D81="",G81=""),"Missing Field",IF(COUNTIF($A$2:$A$1000,A81)>1,"Duplicate ID",IF(G81<=0,"Invalid Weight",IF(AND(L81<>"",L81<B81),"Delivery Before Ship Date",IF(AND(M81="Delivered",L81=""),"Delivered But No Date","OK"))))) -> OK
A82: SHP-2026-0081 | B82: 46176 | C82: Nova Home Appliances | D82: DEL-CCU | E82: =IFERROR(VLOOKUP(D82,Masters!$A$5:$E$16,2,FALSE()),"") -> Delhi | F82: =IFERROR(VLOOKUP(D82,Masters!$A$5:$E$16,3,FALSE()),"") -> Kolkata | G82: 7400 | H82: =IFERROR(INDEX(Masters!$D$5:$D$16,MATCH(D82,Masters!$A$5:$A$16,0)),"") -> 12 | I82: =IF(OR(G82="",H82=""),"",G82*H82) -> 88800 | J82: Container 20ft | K82: =IF(OR(B82="",D82=""),"",IFERROR(B82+VLOOKUP(D82,Masters!$A$5:$E$16,5,FALSE()),"")) -> 46183 | L82: 46186 | M82: Delivered | N82: =IF(OR(L82="",K82=""),"",MAX(0,L82-K82)) -> 3 | O82: =IF(M82="In Transit","Pending",IF(OR(L82="",K82=""),"",IF(L82<=K82,"Yes","No"))) -> No | P82: =IF(B82="","",DATE(YEAR(B82),MONTH(B82),1)) -> 46174 | Q82: =IF(OR(A82="",B82="",C82="",D82="",G82=""),"Missing Field",IF(COUNTIF($A$2:$A$1000,A82)>1,"Duplicate ID",IF(G82<=0,"Invalid Weight",IF(AND(L82<>"",L82<B82),"Delivery Before Ship Date",IF(AND(M82="Delivered",L82=""),"Delivered But No Date","OK"))))) -> OK
A83: SHP-2026-0082 | B83: 46177 | C83: Metro Fabrics Pvt Ltd | D83: DEL-LKO | E83: =IFERROR(VLOOKUP(D83,Masters!$A$5:$E$16,2,FALSE()),"") -> Delhi | F83: =IFERROR(VLOOKUP(D83,Masters!$A$5:$E$16,3,FALSE()),"") -> Lucknow | G83: 3500 | H83: =IFERROR(INDEX(Masters!$D$5:$D$16,MATCH(D83,Masters!$A$5:$A$16,0)),"") -> 5.2 | I83: =IF(OR(G83="",H83=""),"",G83*H83) -> 18200 | J83: Eicher 14ft | K83: =IF(OR(B83="",D83=""),"",IFERROR(B83+VLOOKUP(D83,Masters!$A$5:$E$16,5,FALSE()),"")) -> 46180 | L83: 46182 | M83: Delivered | N83: =IF(OR(L83="",K83=""),"",MAX(0,L83-K83)) -> 2 | O83: =IF(M83="In Transit","Pending",IF(OR(L83="",K83=""),"",IF(L83<=K83,"Yes","No"))) -> No | P83: =IF(B83="","",DATE(YEAR(B83),MONTH(B83),1)) -> 46174 | Q83: =IF(OR(A83="",B83="",C83="",D83="",G83=""),"Missing Field",IF(COUNTIF($A$2:$A$1000,A83)>1,"Duplicate ID",IF(G83<=0,"Invalid Weight",IF(AND(L83<>"",L83<B83),"Delivery Before Ship Date",IF(AND(M83="Delivered",L83=""),"Delivered But No Date","OK"))))) -> OK
A84: SHP-2026-0083 | B84: 46178 | C84: Sharma Agro Foods | D84: DEL-BPL | E84: =IFERROR(VLOOKUP(D84,Masters!$A$5:$E$16,2,FALSE()),"") -> Delhi | F84: =IFERROR(VLOOKUP(D84,Masters!$A$5:$E$16,3,FALSE()),"") -> Bhopal | G84: 1720 | H84: =IFERROR(INDEX(Masters!$D$5:$D$16,MATCH(D84,Masters!$A$5:$A$16,0)),"") -> 8 | I84: =IF(OR(G84="",H84=""),"",G84*H84) -> 13760 | J84: Tata 407 | K84: =IF(OR(B84="",D84=""),"",IFERROR(B84+VLOOKUP(D84,Masters!$A$5:$E$16,5,FALSE()),"")) -> 46183 | L84: 46183 | M84: Delivered | N84: =IF(OR(L84="",K84=""),"",MAX(0,L84-K84)) -> 0 | O84: =IF(M84="In Transit","Pending",IF(OR(L84="",K84=""),"",IF(L84<=K84,"Yes","No"))) -> Yes | P84: =IF(B84="","",DATE(YEAR(B84),MONTH(B84),1)) -> 46174 | Q84: =IF(OR(A84="",B84="",C84="",D84="",G84=""),"Missing Field",IF(COUNTIF($A$2:$A$1000,A84)>1,"Duplicate ID",IF(G84<=0,"Invalid Weight",IF(AND(L84<>"",L84<B84),"Delivery Before Ship Date",IF(AND(M84="Delivered",L84=""),"Delivered But No Date","OK"))))) -> OK
A85: SHP-2026-0084 | B85: 46179 | C85: Delta Packaging | D85: DEL-CHD | E85: =IFERROR(VLOOKUP(D85,Masters!$A$5:$E$16,2,FALSE()),"") -> Delhi | F85: =IFERROR(VLOOKUP(D85,Masters!$A$5:$E$16,3,FALSE()),"") -> Chandigarh | G85: 10090 | H85: =IFERROR(INDEX(Masters!$D$5:$D$16,MATCH(D85,Masters!$A$5:$A$16,0)),"") -> 3 | I85: =IF(OR(G85="",H85=""),"",G85*H85) -> 30270 | J85: Trailer 32ft | K85: =IF(OR(B85="",D85=""),"",IFERROR(B85+VLOOKUP(D85,Masters!$A$5:$E$16,5,FALSE()),"")) -> 46181 | L85: 46181 | M85: Delivered | N85: =IF(OR(L85="",K85=""),"",MAX(0,L85-K85)) -> 0 | O85: =IF(M85="In Transit","Pending",IF(OR(L85="",K85=""),"",IF(L85<=K85,"Yes","No"))) -> Yes | P85: =IF(B85="","",DATE(YEAR(B85),MONTH(B85),1)) -> 46174 | Q85: =IF(OR(A85="",B85="",C85="",D85="",G85=""),"Missing Field",IF(COUNTIF($A$2:$A$1000,A85)>1,"Duplicate ID",IF(G85<=0,"Invalid Weight",IF(AND(L85<>"",L85<B85),"Delivery Before Ship Date",IF(AND(M85="Delivered",L85=""),"Delivered But No Date","OK"))))) -> OK
A86: SHP-2026-0085 | B86: 46180 | C86: Kailash Pharma | D86: DEL-BPL | E86: =IFERROR(VLOOKUP(D86,Masters!$A$5:$E$16,2,FALSE()),"") -> Delhi | F86: =IFERROR(VLOOKUP(D86,Masters!$A$5:$E$16,3,FALSE()),"") -> Bhopal | G86: 2990 | H86: =IFERROR(INDEX(Masters!$D$5:$D$16,MATCH(D86,Masters!$A$5:$A$16,0)),"") -> 8 | I86: =IF(OR(G86="",H86=""),"",G86*H86) -> 23920 | J86: Eicher 14ft | K86: =IF(OR(B86="",D86=""),"",IFERROR(B86+VLOOKUP(D86,Masters!$A$5:$E$16,5,FALSE()),"")) -> 46185 | L86: 46188 | M86: Delivered | N86: =IF(OR(L86="",K86=""),"",MAX(0,L86-K86)) -> 3 | O86: =IF(M86="In Transit","Pending",IF(OR(L86="",K86=""),"",IF(L86<=K86,"Yes","No"))) -> No | P86: =IF(B86="","",DATE(YEAR(B86),MONTH(B86),1)) -> 46174 | Q86: =IF(OR(A86="",B86="",C86="",D86="",G86=""),"Missing Field",IF(COUNTIF($A$2:$A$1000,A86)>1,"Duplicate ID",IF(G86<=0,"Invalid Weight",IF(AND(L86<>"",L86<B86),"Delivery Before Ship Date",IF(AND(M86="Delivered",L86=""),"Delivered But No Date","OK"))))) -> OK
A87: SHP-2026-0086 | B87: 46180 | C87: Krishna Steel Works | D87: DEL-JPR | E87: =IFERROR(VLOOKUP(D87,Masters!$A$5:$E$16,2,FALSE()),"") -> Delhi | F87: =IFERROR(VLOOKUP(D87,Masters!$A$5:$E$16,3,FALSE()),"") -> Jaipur | G87: 2450 | H87: =IFERROR(INDEX(Masters!$D$5:$D$16,MATCH(D87,Masters!$A$5:$A$16,0)),"") -> 3.5 | I87: =IF(OR(G87="",H87=""),"",G87*H87) -> 8575 | J87: Tata 407 | K87: =IF(OR(B87="",D87=""),"",IFERROR(B87+VLOOKUP(D87,Masters!$A$5:$E$16,5,FALSE()),"")) -> 46182 | L87: 46182 | M87: Delivered | N87: =IF(OR(L87="",K87=""),"",MAX(0,L87-K87)) -> 0 | O87: =IF(M87="In Transit","Pending",IF(OR(L87="",K87=""),"",IF(L87<=K87,"Yes","No"))) -> Yes | P87: =IF(B87="","",DATE(YEAR(B87),MONTH(B87),1)) -> 46174 | Q87: =IF(OR(A87="",B87="",C87="",D87="",G87=""),"Missing Field",IF(COUNTIF($A$2:$A$1000,A87)>1,"Duplicate ID",IF(G87<=0,"Invalid Weight",IF(AND(L87<>"",L87<B87),"Delivery Before Ship Date",IF(AND(M87="Delivered",L87=""),"Delivered But No Date","OK"))))) -> OK
A88: SHP-2026-0035 | B88: 46185 | C88: Krishna Steel Works | D88: DEL-BOM | E88: =IFERROR(VLOOKUP(D88,Masters!$A$5:$E$16,2,FALSE()),"") -> Delhi | F88: =IFERROR(VLOOKUP(D88,Masters!$A$5:$E$16,3,FALSE()),"") -> Mumbai | G88: 3550 | H88: =IFERROR(INDEX(Masters!$D$5:$D$16,MATCH(D88,Masters!$A$5:$A$16,0)),"") -> 9.5 | I88: =IF(OR(G88="",H88=""),"",G88*H88) -> 33725 | J88: Eicher 14ft | K88: =IF(OR(B88="",D88=""),"",IFERROR(B88+VLOOKUP(D88,Masters!$A$5:$E$16,5,FALSE()),"")) -> 46191 | L88: 46191 | M88: Delivered | N88: =IF(OR(L88="",K88=""),"",MAX(0,L88-K88)) -> 0 | O88: =IF(M88="In Transit","Pending",IF(OR(L88="",K88=""),"",IF(L88<=K88,"Yes","No"))) -> Yes | P88: =IF(B88="","",DATE(YEAR(B88),MONTH(B88),1)) -> 46174 | Q88: =IF(OR(A88="",B88="",C88="",D88="",G88=""),"Missing Field",IF(COUNTIF($A$2:$A$1000,A88)>1,"Duplicate ID",IF(G88<=0,"Invalid Weight",IF(AND(L88<>"",L88<B88),"Delivery Before Ship Date",IF(AND(M88="Delivered",L88=""),"Delivered But No Date","OK"))))) -> Duplicate ID
A89: SHP-2026-0088 | B89: 46185 | C89: Shree Ganesh Traders | D89: DEL-CCU | E89: =IFERROR(VLOOKUP(D89,Masters!$A$5:$E$16,2,FALSE()),"") -> Delhi | F89: =IFERROR(VLOOKUP(D89,Masters!$A$5:$E$16,3,FALSE()),"") -> Kolkata | G89: 7500 | H89: =IFERROR(INDEX(Masters!$D$5:$D$16,MATCH(D89,Masters!$A$5:$A$16,0)),"") -> 12 | I89: =IF(OR(G89="",H89=""),"",G89*H89) -> 90000 | J89: Container 20ft | K89: =IF(OR(B89="",D89=""),"",IFERROR(B89+VLOOKUP(D89,Masters!$A$5:$E$16,5,FALSE()),"")) -> 46192 | L89: 46192 | M89: Delivered | N89: =IF(OR(L89="",K89=""),"",MAX(0,L89-K89)) -> 0 | O89: =IF(M89="In Transit","Pending",IF(OR(L89="",K89=""),"",IF(L89<=K89,"Yes","No"))) -> Yes | P89: =IF(B89="","",DATE(YEAR(B89),MONTH(B89),1)) -> 46174 | Q89: =IF(OR(A89="",B89="",C89="",D89="",G89=""),"Missing Field",IF(COUNTIF($A$2:$A$1000,A89)>1,"Duplicate ID",IF(G89<=0,"Invalid Weight",IF(AND(L89<>"",L89<B89),"Delivery Before Ship Date",IF(AND(M89="Delivered",L89=""),"Delivered But No Date","OK"))))) -> OK
A90: SHP-2026-0261 | B90: 46186 | C90: Apex Electronics | D90: DEL-DED | E90: =IFERROR(VLOOKUP(D90,Masters!$A$5:$E$16,2,FALSE()),"") -> Delhi | F90: =IFERROR(VLOOKUP(D90,Masters!$A$5:$E$16,3,FALSE()),"") -> Dehradun | G90: 1480 | H90: =IFERROR(INDEX(Masters!$D$5:$D$16,MATCH(D90,Masters!$A$5:$A$16,0)),"") -> 4 | I90: =IF(OR(G90="",H90=""),"",G90*H90) -> 5920 | J90: Tata 407 | K90: =IF(OR(B90="",D90=""),"",IFERROR(B90+VLOOKUP(D90,Masters!$A$5:$E$16,5,FALSE()),"")) -> 46188 | L90: 46187 | M90: Delivered | N90: =IF(OR(L90="",K90=""),"",MAX(0,L90-K90)) -> 0 | O90: =IF(M90="In Transit","Pending",IF(OR(L90="",K90=""),"",IF(L90<=K90,"Yes","No"))) -> Yes | P90: =IF(B90="","",DATE(YEAR(B90),MONTH(B90),1)) -> 46174 | Q90: =IF(OR(A90="",B90="",C90="",D90="",G90=""),"Missing Field",IF(COUNTIF($A$2:$A$1000,A90)>1,"Duplicate ID",IF(G90<=0,"Invalid Weight",IF(AND(L90<>"",L90<B90),"Delivery Before Ship Date",IF(AND(M90="Delivered",L90=""),"Delivered But No Date","OK"))))) -> Duplicate ID
... A174: SHP-2026-0173 | B174: 46226 | C174: Shree Ganesh Traders | D174: DEL-AGR | E174: =IFERROR(VLOOKUP(D174,Masters!$A$5:$E$16,2,FALSE()),"") -> Delhi | F174: =IFERROR(VLOOKUP(D174,Masters!$A$5:$E$16,3,FALSE()),"") -> Agra | G174: 4930 | H174: =IFERROR(INDEX(Masters!$D$5:$D$16,MATCH(D174,Masters!$A$5:$A$16,0)),"") -> 2.8 | I174: =IF(OR(G174="",H174=""),"",G174*H174) -> 13804 | J174: Eicher 14ft | K174: =IF(OR(B174="",D174=""),"",IFERROR(B174+VLOOKUP(D174,Masters!$A$5:$E$16,5,FALSE()),"")) -> 46228 | L174: 46231 | M174: Delivered | N174: =IF(OR(L174="",K174=""),"",MAX(0,L174-K174)) -> 3 | O174: =IF(M174="In Transit","Pending",IF(OR(L174="",K174=""),"",IF(L174<=K174,"Yes","No"))) -> No | P174: =IF(B174="","",DATE(YEAR(B174),MONTH(B174),1)) -> 46204 | Q174: =IF(OR(A174="",B174="",C174="",D174="",G174=""),"Missing Field",IF(COUNTIF($A$2:$A$1000,A174)>1,"Duplicate ID",IF(G174<=0,"Invalid Weight",IF(AND(L174<>"",L174<B174),"Delivery Before Ship Date",IF(AND(M174="Delivered",L174=""),"Delivered But No Date","OK"))))) -> OK
A175: SHP-2026-0174 | B175: 46227 | C175: Bharat Auto Components | E175: =IFERROR(VLOOKUP(D175,Masters!$A$5:$E$16,2,FALSE()),"") | F175: =IFERROR(VLOOKUP(D175,Masters!$A$5:$E$16,3,FALSE()),"") | G175: 5090 | H175: =IFERROR(INDEX(Masters!$D$5:$D$16,MATCH(D175,Masters!$A$5:$A$16,0)),"") | I175: =IF(OR(G175="",H175=""),"",G175*H175) | J175: Container 20ft | K175: =IF(OR(B175="",D175=""),"",IFERROR(B175+VLOOKUP(D175,Masters!$A$5:$E$16,5,FALSE()),"")) | L175: 46232 | M175: Delivered | N175: =IF(OR(L175="",K175=""),"",MAX(0,L175-K175)) | O175: =IF(M175="In Transit","Pending",IF(OR(L175="",K175=""),"",IF(L175<=K175,"Yes","No"))) | P175: =IF(B175="","",DATE(YEAR(B175),MONTH(B175),1)) -> 46204 | Q175: =IF(OR(A175="",B175="",C175="",D175="",G175=""),"Missing Field",IF(COUNTIF($A$2:$A$1000,A175)>1,"Duplicate ID",IF(G175<=0,"Invalid Weight",IF(AND(L175<>"",L175<B175),"Delivery Before Ship Date",IF(AND(M175="Delivered",L175=""),"Delivered But No Date","OK"))))) -> Missing Field
A176: SHP-2026-0175 | B176: 46227 | C176: Bharat Auto Components | D176: DEL-IDR | E176: =IFERROR(VLOOKUP(D176,Masters!$A$5:$E$16,2,FALSE()),"") -> Delhi | F176: =IFERROR(VLOOKUP(D176,Masters!$A$5:$E$16,3,FALSE()),"") -> Indore | G176: 4710 | H176: =IFERROR(INDEX(Masters!$D$5:$D$16,MATCH(D176,Masters!$A$5:$A$16,0)),"") -> 9 | I176: =IF(OR(G176="",H176=""),"",G176*H176) -> 42390 | J176: Eicher 14ft | K176: =IF(OR(B176="",D176=""),"",IFERROR(B176+VLOOKUP(D176,Masters!$A$5:$E$16,5,FALSE()),"")) -> 46232 | L176: 46231 | M176: Delivered | N176: =IF(OR(L176="",K176=""),"",MAX(0,L176-K176)) -> 0 | O176: =IF(M176="In Transit","Pending",IF(OR(L176="",K176=""),"",IF(L176<=K176,"Yes","No"))) -> Yes | P176: =IF(B176="","",DATE(YEAR(B176),MONTH(B176),1)) -> 46204 | Q176: =IF(OR(A176="",B176="",C176="",D176="",G176=""),"Missing Field",IF(COUNTIF($A$2:$A$1000,A176)>1,"Duplicate ID",IF(G176<=0,"Invalid Weight",IF(AND(L176<>"",L176<B176),"Delivery Before Ship Date",IF(AND(M176="Delivered",L176=""),"Delivered But No Date","OK"))))) -> OK
A177: SHP-2026-0176 | B177: 46227 | C177: Shree Ganesh Traders | D177: GZB-MRT | E177: =IFERROR(VLOOKUP(D177,Masters!$A$5:$E$16,2,FALSE()),"") -> Ghaziabad | F177: =IFERROR(VLOOKUP(D177,Masters!$A$5:$E$16,3,FALSE()),"") -> Meerut | G177: 9470 | H177: =IFERROR(INDEX(Masters!$D$5:$D$16,MATCH(D177,Masters!$A$5:$A$16,0)),"") -> 1.8 | I177: =IF(OR(G177="",H177=""),"",G177*H177) -> 17046 | J177: Trailer 32ft | K177: =IF(OR(B177="",D177=""),"",IFERROR(B177+VLOOKUP(D177,Masters!$A$5:$E$16,5,FALSE()),"")) -> 46228 | L177: 46229 | M177: Delivered | N177: =IF(OR(L177="",K177=""),"",MAX(0,L177-K177)) -> 1 | O177: =IF(M177="In Transit","Pending",IF(OR(L177="",K177=""),"",IF(L177<=K177,"Yes","No"))) -> No | P177: =IF(B177="","",DATE(YEAR(B177),MONTH(B177),1)) -> 46204 | Q177: =IF(OR(A177="",B177="",C177="",D177="",G177=""),"Missing Field",IF(COUNTIF($A$2:$A$1000,A177)>1,"Duplicate ID",IF(G177<=0,"Invalid Weight",IF(AND(L177<>"",L177<B177),"Delivery Before Ship Date",IF(AND(M177="Delivered",L177=""),"Delivered But No Date","OK"))))) -> OK
A178: SHP-2026-0177 | B178: 46227 | C178: Metro Fabrics Pvt Ltd | D178: DEL-BOM | E178: =IFERROR(VLOOKUP(D178,Masters!$A$5:$E$16,2,FALSE()),"") -> Delhi | F178: =IFERROR(VLOOKUP(D178,Masters!$A$5:$E$16,3,FALSE()),"") -> Mumbai | G178: 7010 | H178: =IFERROR(INDEX(Masters!$D$5:$D$16,MATCH(D178,Masters!$A$5:$A$16,0)),"") -> 9.5 | I178: =IF(OR(G178="",H178=""),"",G178*H178) -> 66595 | J178: Container 20ft | K178: =IF(OR(B178="",D178=""),"",IFERROR(B178+VLOOKUP(D178,Masters!$A$5:$E$16,5,FALSE()),"")) -> 46233 | L178: 46238 | M178: Delivered | N178: =IF(OR(L178="",K178=""),"",MAX(0,L178-K178)) -> 5 | O178: =IF(M178="In Transit","Pending",IF(OR(L178="",K178=""),"",IF(L178<=K178,"Yes","No"))) -> No | P178: =IF(B178="","",DATE(YEAR(B178),MONTH(B178),1)) -> 46204 | Q178: =IF(OR(A178="",B178="",C178="",D178="",G178=""),"Missing Field",IF(COUNTIF($A$2:$A$1000,A178)>1,"Duplicate ID",IF(G178<=0,"Invalid Weight",IF(AND(L178<>"",L178<B178),"Delivery Before Ship Date",IF(AND(M178="Delivered",L178=""),"Delivered But No Date","OK"))))) -> OK
A179: SHP-2026-0178 | B179: 46228 | C179: Bharat Auto Components | D179: DEL-AMD | E179: =IFERROR(VLOOKUP(D179,Masters!$A$5:$E$16,2,FALSE()),"") -> Delhi | F179: =IFERROR(VLOOKUP(D179,Masters!$A$5:$E$16,3,FALSE()),"") -> Ahmedabad | G179: 6640 | H179: =IFERROR(INDEX(Masters!$D$5:$D$16,MATCH(D179,Masters!$A$5:$A$16,0)),"") -> 7.5 | I179: =IF(OR(G179="",H179=""),"",G179*H179) -> 49800 | J179: Container 20ft | K179: =IF(OR(B179="",D179=""),"",IFERROR(B179+VLOOKUP(D179,Masters!$A$5:$E$16,5,FALSE()),"")) -> 46232 | L179: 46232 | M179: Delivered | N179: =IF(OR(L179="",K179=""),"",MAX(0,L179-K179)) -> 0 | O179: =IF(M179="In Transit","Pending",IF(OR(L179="",K179=""),"",IF(L179<=K179,"Yes","No"))) -> Yes | P179: =IF(B179="","",DATE(YEAR(B179),MONTH(B179),1)) -> 46204 | Q179: =IF(OR(A179="",B179="",C179="",D179="",G179=""),"Missing Field",IF(COUNTIF($A$2:$A$1000,A179)>1,"Duplicate ID",IF(G179<=0,"Invalid Weight",IF(AND(L179<>"",L179<B179),"Delivery Before Ship Date",IF(AND(M179="Delivered",L179=""),"Delivered But No Date","OK"))))) -> OK
A180: SHP-2026-0179 | B180: 46229 | C180: Metro Fabrics Pvt Ltd | D180: DEL-LKO | E180: =IFERROR(VLOOKUP(D180,Masters!$A$5:$E$16,2,FALSE()),"") -> Delhi | F180: =IFERROR(VLOOKUP(D180,Masters!$A$5:$E$16,3,FALSE()),"") -> Lucknow | G180: 5420 | H180: =IFERROR(INDEX(Masters!$D$5:$D$16,MATCH(D180,Masters!$A$5:$A$16,0)),"") -> 5.2 | I180: =IF(OR(G180="",H180=""),"",G180*H180) -> 28184 | J180: Container 20ft | K180: =IF(OR(B180="",D180=""),"",IFERROR(B180+VLOOKUP(D180,Masters!$A$5:$E$16,5,FALSE()),"")) -> 46232 | L180: 46231 | M180: Delivered | N180: =IF(OR(L180="",K180=""),"",MAX(0,L180-K180)) -> 0 | O180: =IF(M180="In Transit","Pending",IF(OR(L180="",K180=""),"",IF(L180<=K180,"Yes","No"))) -> Yes | P180: =IF(B180="","",DATE(YEAR(B180),MONTH(B180),1)) -> 46204 | Q180: =IF(OR(A180="",B180="",C180="",D180="",G180=""),"Missing Field",IF(COUNTIF($A$2:$A$1000,A180)>1,"Duplicate ID",IF(G180<=0,"Invalid Weight",IF(AND(L180<>"",L180<B180),"Delivery Before Ship Date",IF(AND(M180="Delivered",L180=""),"Delivered But No Date","OK"))))) -> OK
A181: SHP-2026-0180 | B181: 46230 | C181: Sharma Agro Foods | D181: DEL-DED | E181: =IFERROR(VLOOKUP(D181,Masters!$A$5:$E$16,2,FALSE()),"") -> Delhi | F181: =IFERROR(VLOOKUP(D181,Masters!$A$5:$E$16,3,FALSE()),"") -> Dehradun | G181: 8290 | H181: =IFERROR(INDEX(Masters!$D$5:$D$16,MATCH(D181,Masters!$A$5:$A$16,0)),"") -> 4 | I181: =IF(OR(G181="",H181=""),"",G181*H181) -> 33160 | J181: Container 20ft | K181: =IF(OR(B181="",D181=""),"",IFERROR(B181+VLOOKUP(D181,Masters!$A$5:$E$16,5,FALSE()),"")) -> 46232 | L181: 46231 | M181: Delivered | N181: =IF(OR(L181="",K181=""),"",MAX(0,L181-K181)) -> 0 | O181: =IF(M181="In Transit","Pending",IF(OR(L181="",K181=""),"",IF(L181<=K181,"Yes","No"))) -> Yes | P181: =IF(B181="","",DATE(YEAR(B181),MONTH(B181),1)) -> 46204 | Q181: =IF(OR(A181="",B181="",C181="",D181="",G181=""),"Missing Field",IF(COUNTIF($A$2:$A$1000,A181)>1,"Duplicate ID",IF(G181<=0,"Invalid Weight",IF(AND(L181<>"",L181<B181),"Delivery Before Ship Date",IF(AND(M181="Delivered",L181=""),"Delivered But No Date","OK"))))) -> OK
A182: SHP-2026-0181 | B182: 46231 | C182: Sharma Agro Foods | D182: DEL-BPL | E182: =IFERROR(VLOOKUP(D182,Masters!$A$5:$E$16,2,FALSE()),"") -> Delhi | F182: =IFERROR(VLOOKUP(D182,Masters!$A$5:$E$16,3,FALSE()),"") -> Bhopal | G182: 6330 | H182: =IFERROR(INDEX(Masters!$D$5:$D$16,MATCH(D182,Masters!$A$5:$A$16,0)),"") -> 8 | I182: =IF(OR(G182="",H182=""),"",G182*H182) -> 50640 | J182: Container 20ft | K182: =IF(OR(B182="",D182=""),"",IFERROR(B182+VLOOKUP(D182,Masters!$A$5:$E$16,5,FALSE()),"")) -> 46236 | L182: 46235 | M182: Delivered | N182: =IF(OR(L182="",K182=""),"",MAX(0,L182-K182)) -> 0 | O182: =IF(M182="In Transit","Pending",IF(OR(L182="",K182=""),"",IF(L182<=K182,"Yes","No"))) -> Yes | P182: =IF(B182="","",DATE(YEAR(B182),MONTH(B182),1)) -> 46204 | Q182: =IF(OR(A182="",B182="",C182="",D182="",G182=""),"Missing Field",IF(COUNTIF($A$2:$A$1000,A182)>1,"Duplicate ID",IF(G182<=0,"Invalid Weight",IF(AND(L182<>"",L182<B182),"Delivery Before Ship Date",IF(AND(M182="Delivered",L182=""),"Delivered But No Date","OK"))))) -> OK
A183: SHP-2026-0182 | B183: 46231 | C183: Bharat Auto Components | D183: DEL-CHD | E183: =IFERROR(VLOOKUP(D183,Masters!$A$5:$E$16,2,FALSE()),"") -> Delhi | F183: =IFERROR(VLOOKUP(D183,Masters!$A$5:$E$16,3,FALSE()),"") -> Chandigarh | G183: 4950 | H183: =IFERROR(INDEX(Masters!$D$5:$D$16,MATCH(D183,Masters!$A$5:$A$16,0)),"") -> 3 | I183: =IF(OR(G183="",H183=""),"",G183*H183) -> 14850 | J183: Eicher 14ft | K183: =IF(OR(B183="",D183=""),"",IFERROR(B183+VLOOKUP(D183,Masters!$A$5:$E$16,5,FALSE()),"")) -> 46233 | L183: 46236 | M183: Delivered | N183: =IF(OR(L183="",K183=""),"",MAX(0,L183-K183)) -> 3 | O183: =IF(M183="In Transit","Pending",IF(OR(L183="",K183=""),"",IF(L183<=K183,"Yes","No"))) -> No | P183: =IF(B183="","",DATE(YEAR(B183),MONTH(B183),1)) -> 46204 | Q183: =IF(OR(A183="",B183="",C183="",D183="",G183=""),"Missing Field",IF(COUNTIF($A$2:$A$1000,A183)>1,"Duplicate ID",IF(G183<=0,"Invalid Weight",IF(AND(L183<>"",L183<B183),"Delivery Before Ship Date",IF(AND(M183="Delivered",L183=""),"Delivered But No Date","OK"))))) -> OK
A184: SHP-2026-0183 | B184: 46232 | C184: Apex Electronics | D184: DEL-BOM | E184: =IFERROR(VLOOKUP(D184,Masters!$A$5:$E$16,2,FALSE()),"") -> Delhi | F184: =IFERROR(VLOOKUP(D184,Masters!$A$5:$E$16,3,FALSE()),"") -> Mumbai | G184: 4460 | H184: =IFERROR(INDEX(Masters!$D$5:$D$16,MATCH(D184,Masters!$A$5:$A$16,0)),"") -> 9.5 | I184: =IF(OR(G184="",H184=""),"",G184*H184) -> 42370 | J184: Eicher 14ft | K184: =IF(OR(B184="",D184=""),"",IFERROR(B184+VLOOKUP(D184,Masters!$A$5:$E$16,5,FALSE()),"")) -> 46238 | L184: 46238 | M184: Delivered | N184: =IF(OR(L184="",K184=""),"",MAX(0,L184-K184)) -> 0 | O184: =IF(M184="In Transit","Pending",IF(OR(L184="",K184=""),"",IF(L184<=K184,"Yes","No"))) -> Yes | P184: =IF(B184="","",DATE(YEAR(B184),MONTH(B184),1)) -> 46204 | Q184: =IF(OR(A184="",B184="",C184="",D184="",G184=""),"Missing Field",IF(COUNTIF($A$2:$A$1000,A184)>1,"Duplicate ID",IF(G184<=0,"Invalid Weight",IF(AND(L184<>"",L184<B184),"Delivery Before Ship Date",IF(AND(M184="Delivered",L184=""),"Delivered But No Date","OK"))))) -> OK
A185: SHP-2026-0184 | B185: 46232 | C185: Sunrise Furniture | D185: DEL-BOM | E185: =IFERROR(VLOOKUP(D185,Masters!$A$5:$E$16,2,FALSE()),"") -> Delhi | F185: =IFERROR(VLOOKUP(D185,Masters!$A$5:$E$16,3,FALSE()),"") -> Mumbai | G185: 2920 | H185: =IFERROR(INDEX(Masters!$D$5:$D$16,MATCH(D185,Masters!$A$5:$A$16,0)),"") -> 9.5 | I185: =IF(OR(G185="",H185=""),"",G185*H185) -> 27740 | J185: Eicher 14ft | K185: =IF(OR(B185="",D185=""),"",IFERROR(B185+VLOOKUP(D185,Masters!$A$5:$E$16,5,FALSE()),"")) -> 46238 | L185: 46239 | M185: Delivered | N185: =IF(OR(L185="",K185=""),"",MAX(0,L185-K185)) -> 1 | O185: =IF(M185="In Transit","Pending",IF(OR(L185="",K185=""),"",IF(L185<=K185,"Yes","No"))) -> No | P185: =IF(B185="","",DATE(YEAR(B185),MONTH(B185),1)) -> 46204 | Q185: =IF(OR(A185="",B185="",C185="",D185="",G185=""),"Missing Field",IF(COUNTIF($A$2:$A$1000,A185)>1,"Duplicate ID",IF(G185<=0,"Invalid Weight",IF(AND(L185<>"",L185<B185),"Delivery Before Ship Date",IF(AND(M185="Delivered",L185=""),"Delivered But No Date","OK"))))) -> OK
A186: SHP-2026-0185 | B186: 46233 | C186: Shree Ganesh Traders | D186: DEL-LKO | E186: =IFERROR(VLOOKUP(D186,Masters!$A$5:$E$16,2,FALSE()),"") -> Delhi | F186: =IFERROR(VLOOKUP(D186,Masters!$A$5:$E$16,3,FALSE()),"") -> Lucknow | G186: 3100 | H186: =IFERROR(INDEX(Masters!$D$5:$D$16,MATCH(D186,Masters!$A$5:$A$16,0)),"") -> 5.2 | I186: =IF(OR(G186="",H186=""),"",G186*H186) -> 16120 | J186: Eicher 14ft | K186: =IF(OR(B186="",D186=""),"",IFERROR(B186+VLOOKUP(D186,Masters!$A$5:$E$16,5,FALSE()),"")) -> 46236 | L186: 46235 | M186: Delivered | N186: =IF(OR(L186="",K186=""),"",MAX(0,L186-K186)) -> 0 | O186: =IF(M186="In Transit","Pending",IF(OR(L186="",K186=""),"",IF(L186<=K186,"Yes","No"))) -> Yes | P186: =IF(B186="","",DATE(YEAR(B186),MONTH(B186),1)) -> 46204 | Q186: =IF(OR(A186="",B186="",C186="",D186="",G186=""),"Missing Field",IF(COUNTIF($A$2:$A$1000,A186)>1,"Duplicate ID",IF(G186<=0,"Invalid Weight",IF(AND(L186<>"",L186<B186),"Delivery Before Ship Date",IF(AND(M186="Delivered",L186=""),"Delivered But No Date","OK"))))) -> OK
A187: SHP-2026-0186 | B187: 46234 | C187: Delta Packaging | D187: DEL-AMD | E187: =IFERROR(VLOOKUP(D187,Masters!$A$5:$E$16,2,FALSE()),"") -> Delhi | F187: =IFERROR(VLOOKUP(D187,Masters!$A$5:$E$16,3,FALSE()),"") -> Ahmedabad | G187: 3180 | H187: =IFERROR(INDEX(Masters!$D$5:$D$16,MATCH(D187,Masters!$A$5:$A$16,0)),"") -> 7.5 | I187: =IF(OR(G187="",H187=""),"",G187*H187) -> 23850 | J187: Eicher 14ft | K187: =IF(OR(B187="",D187=""),"",IFERROR(B187+VLOOKUP(D187,Masters!$A$5:$E$16,5,FALSE()),"")) -> 46238 | L187: 46239 | M187: Delivered | N187: =IF(OR(L187="",K187=""),"",MAX(0,L187-K187)) -> 1 | O187: =IF(M187="In Transit","Pending",IF(OR(L187="",K187=""),"",IF(L187<=K187,"Yes","No"))) -> No | P187: =IF(B187="","",DATE(YEAR(B187),MONTH(B187),1)) -> 46204 | Q187: =IF(OR(A187="",B187="",C187="",D187="",G187=""),"Missing Field",IF(COUNTIF($A$2:$A$1000,A187)>1,"Duplicate ID",IF(G187<=0,"Invalid Weight",IF(AND(L187<>"",L187<B187),"Delivery Before Ship Date",IF(AND(M187="Delivered",L187=""),"Delivered But No Date","OK"))))) -> OK
... A215: SHP-2026-0214 | B215: 46248 | C215: Bharat Auto Components | D215: DEL-AMD | E215: =IFERROR(VLOOKUP(D215,Masters!$A$5:$E$16,2,FALSE()),"") -> Delhi | F215: =IFERROR(VLOOKUP(D215,Masters!$A$5:$E$16,3,FALSE()),"") -> Ahmedabad | G215: 2280 | H215: =IFERROR(INDEX(Masters!$D$5:$D$16,MATCH(D215,Masters!$A$5:$A$16,0)),"") -> 7.5 | I215: =IF(OR(G215="",H215=""),"",G215*H215) -> 17100 | J215: Tata 407 | K215: =IF(OR(B215="",D215=""),"",IFERROR(B215+VLOOKUP(D215,Masters!$A$5:$E$16,5,FALSE()),"")) -> 46252 | L215: 46257 | M215: Delivered | N215: =IF(OR(L215="",K215=""),"",MAX(0,L215-K215)) -> 5 | O215: =IF(M215="In Transit","Pending",IF(OR(L215="",K215=""),"",IF(L215<=K215,"Yes","No"))) -> No | P215: =IF(B215="","",DATE(YEAR(B215),MONTH(B215),1)) -> 46235 | Q215: =IF(OR(A215="",B215="",C215="",D215="",G215=""),"Missing Field",IF(COUNTIF($A$2:$A$1000,A215)>1,"Duplicate ID",IF(G215<=0,"Invalid Weight",IF(AND(L215<>"",L215<B215),"Delivery Before Ship Date",IF(AND(M215="Delivered",L215=""),"Delivered But No Date","OK"))))) -> OK
A216: SHP-2026-0215 | B216: 46249 | C216: Shree Ganesh Traders | D216: DEL-CHD | E216: =IFERROR(VLOOKUP(D216,Masters!$A$5:$E$16,2,FALSE()),"") -> Delhi | F216: =IFERROR(VLOOKUP(D216,Masters!$A$5:$E$16,3,FALSE()),"") -> Chandigarh | G216: 6370 | H216: =IFERROR(INDEX(Masters!$D$5:$D$16,MATCH(D216,Masters!$A$5:$A$16,0)),"") -> 3 | I216: =IF(OR(G216="",H216=""),"",G216*H216) -> 19110 | J216: Container 20ft | K216: =IF(OR(B216="",D216=""),"",IFERROR(B216+VLOOKUP(D216,Masters!$A$5:$E$16,5,FALSE()),"")) -> 46251 | M216: Delivered | N216: =IF(OR(L216="",K216=""),"",MAX(0,L216-K216)) | O216: =IF(M216="In Transit","Pending",IF(OR(L216="",K216=""),"",IF(L216<=K216,"Yes","No"))) | P216: =IF(B216="","",DATE(YEAR(B216),MONTH(B216),1)) -> 46235 | Q216: =IF(OR(A216="",B216="",C216="",D216="",G216=""),"Missing Field",IF(COUNTIF($A$2:$A$1000,A216)>1,"Duplicate ID",IF(G216<=0,"Invalid Weight",IF(AND(L216<>"",L216<B216),"Delivery Before Ship Date",IF(AND(M216="Delivered",L216=""),"Delivered But No Date","OK"))))) -> Delivered But No Date
A217: SHP-2026-0216 | B217: 46249 | C217: Sunrise Furniture | D217: DEL-CHD | E217: =IFERROR(VLOOKUP(D217,Masters!$A$5:$E$16,2,FALSE()),"") -> Delhi | F217: =IFERROR(VLOOKUP(D217,Masters!$A$5:$E$16,3,FALSE()),"") -> Chandigarh | G217: 7250 | H217: =IFERROR(INDEX(Masters!$D$5:$D$16,MATCH(D217,Masters!$A$5:$A$16,0)),"") -> 3 | I217: =IF(OR(G217="",H217=""),"",G217*H217) -> 21750 | J217: Container 20ft | K217: =IF(OR(B217="",D217=""),"",IFERROR(B217+VLOOKUP(D217,Masters!$A$5:$E$16,5,FALSE()),"")) -> 46251 | L217: 46251 | M217: Delivered | N217: =IF(OR(L217="",K217=""),"",MAX(0,L217-K217)) -> 0 | O217: =IF(M217="In Transit","Pending",IF(OR(L217="",K217=""),"",IF(L217<=K217,"Yes","No"))) -> Yes | P217: =IF(B217="","",DATE(YEAR(B217),MONTH(B217),1)) -> 46235 | Q217: =IF(OR(A217="",B217="",C217="",D217="",G217=""),"Missing Field",IF(COUNTIF($A$2:$A$1000,A217)>1,"Duplicate ID",IF(G217<=0,"Invalid Weight",IF(AND(L217<>"",L217<B217),"Delivery Before Ship Date",IF(AND(M217="Delivered",L217=""),"Delivered But No Date","OK"))))) -> OK
A218: SHP-2026-0217 | B218: 46250 | C218: Apex Electronics | D218: DEL-LKO | E218: =IFERROR(VLOOKUP(D218,Masters!$A$5:$E$16,2,FALSE()),"") -> Delhi | F218: =IFERROR(VLOOKUP(D218,Masters!$A$5:$E$16,3,FALSE()),"") -> Lucknow | G218: 6790 | H218: =IFERROR(INDEX(Masters!$D$5:$D$16,MATCH(D218,Masters!$A$5:$A$16,0)),"") -> 5.2 | I218: =IF(OR(G218="",H218=""),"",G218*H218) -> 35308 | J218: Container 20ft | K218: =IF(OR(B218="",D218=""),"",IFERROR(B218+VLOOKUP(D218,Masters!$A$5:$E$16,5,FALSE()),"")) -> 46253 | L218: 46254 | M218: Delivered | N218: =IF(OR(L218="",K218=""),"",MAX(0,L218-K218)) -> 1 | O218: =IF(M218="In Transit","Pending",IF(OR(L218="",K218=""),"",IF(L218<=K218,"Yes","No"))) -> No | P218: =IF(B218="","",DATE(YEAR(B218),MONTH(B218),1)) -> 46235 | Q218: =IF(OR(A218="",B218="",C218="",D218="",G218=""),"Missing Field",IF(COUNTIF($A$2:$A$1000,A218)>1,"Duplicate ID",IF(G218<=0,"Invalid Weight",IF(AND(L218<>"",L218<B218),"Delivery Before Ship Date",IF(AND(M218="Delivered",L218=""),"Delivered But No Date","OK"))))) -> OK
A219: SHP-2026-0218 | B219: 46250 | C219: Bharat Auto Components | D219: DEL-DED | E219: =IFERROR(VLOOKUP(D219,Masters!$A$5:$E$16,2,FALSE()),"") -> Delhi | F219: =IFERROR(VLOOKUP(D219,Masters!$A$5:$E$16,3,FALSE()),"") -> Dehradun | G219: 4650 | H219: =IFERROR(INDEX(Masters!$D$5:$D$16,MATCH(D219,Masters!$A$5:$A$16,0)),"") -> 4 | I219: =IF(OR(G219="",H219=""),"",G219*H219) -> 18600 | J219: Eicher 14ft | K219: =IF(OR(B219="",D219=""),"",IFERROR(B219+VLOOKUP(D219,Masters!$A$5:$E$16,5,FALSE()),"")) -> 46252 | L219: 46254 | M219: Delivered | N219: =IF(OR(L219="",K219=""),"",MAX(0,L219-K219)) -> 2 | O219: =IF(M219="In Transit","Pending",IF(OR(L219="",K219=""),"",IF(L219<=K219,"Yes","No"))) -> No | P219: =IF(B219="","",DATE(YEAR(B219),MONTH(B219),1)) -> 46235 | Q219: =IF(OR(A219="",B219="",C219="",D219="",G219=""),"Missing Field",IF(COUNTIF($A$2:$A$1000,A219)>1,"Duplicate ID",IF(G219<=0,"Invalid Weight",IF(AND(L219<>"",L219<B219),"Delivery Before Ship Date",IF(AND(M219="Delivered",L219=""),"Delivered But No Date","OK"))))) -> OK
A220: SHP-2026-0219 | B220: 46250 | C220: Sharma Agro Foods | D220: DEL-KNP | E220: =IFERROR(VLOOKUP(D220,Masters!$A$5:$E$16,2,FALSE()),"") -> Delhi | F220: =IFERROR(VLOOKUP(D220,Masters!$A$5:$E$16,3,FALSE()),"") -> Kanpur | G220: 1270 | H220: =IFERROR(INDEX(Masters!$D$5:$D$16,MATCH(D220,Masters!$A$5:$A$16,0)),"") -> 4.5 | I220: =IF(OR(G220="",H220=""),"",G220*H220) -> 5715 | J220: Tata 407 | K220: =IF(OR(B220="",D220=""),"",IFERROR(B220+VLOOKUP(D220,Masters!$A$5:$E$16,5,FALSE()),"")) -> 46253 | L220: 46255 | M220: Delivered | N220: =IF(OR(L220="",K220=""),"",MAX(0,L220-K220)) -> 2 | O220: =IF(M220="In Transit","Pending",IF(OR(L220="",K220=""),"",IF(L220<=K220,"Yes","No"))) -> No | P220: =IF(B220="","",DATE(YEAR(B220),MONTH(B220),1)) -> 46235 | Q220: =IF(OR(A220="",B220="",C220="",D220="",G220=""),"Missing Field",IF(COUNTIF($A$2:$A$1000,A220)>1,"Duplicate ID",IF(G220<=0,"Invalid Weight",IF(AND(L220<>"",L220<B220),"Delivery Before Ship Date",IF(AND(M220="Delivered",L220=""),"Delivered But No Date","OK"))))) -> OK
A221: SHP-2026-0220 | B221: 46250 | C221: Apex Electronics | D221: DEL-BOM | E221: =IFERROR(VLOOKUP(D221,Masters!$A$5:$E$16,2,FALSE()),"") -> Delhi | F221: =IFERROR(VLOOKUP(D221,Masters!$A$5:$E$16,3,FALSE()),"") -> Mumbai | G221: 3890 | H221: =IFERROR(INDEX(Masters!$D$5:$D$16,MATCH(D221,Masters!$A$5:$A$16,0)),"") -> 9.5 | I221: =IF(OR(G221="",H221=""),"",G221*H221) -> 36955 | J221: Eicher 14ft | K221: =IF(OR(B221="",D221=""),"",IFERROR(B221+VLOOKUP(D221,Masters!$A$5:$E$16,5,FALSE()),"")) -> 46256 | L221: 46257 | M221: Delivered | N221: =IF(OR(L221="",K221=""),"",MAX(0,L221-K221)) -> 1 | O221: =IF(M221="In Transit","Pending",IF(OR(L221="",K221=""),"",IF(L221<=K221,"Yes","No"))) -> No | P221: =IF(B221="","",DATE(YEAR(B221),MONTH(B221),1)) -> 46235 | Q221: =IF(OR(A221="",B221="",C221="",D221="",G221=""),"Missing Field",IF(COUNTIF($A$2:$A$1000,A221)>1,"Duplicate ID",IF(G221<=0,"Invalid Weight",IF(AND(L221<>"",L221<B221),"Delivery Before Ship Date",IF(AND(M221="Delivered",L221=""),"Delivered But No Date","OK"))))) -> OK
A222: SHP-2026-0221 | B222: 46250 | C222: Metro Fabrics Pvt Ltd | D222: GZB-MRT | E222: =IFERROR(VLOOKUP(D222,Masters!$A$5:$E$16,2,FALSE()),"") -> Ghaziabad | F222: =IFERROR(VLOOKUP(D222,Masters!$A$5:$E$16,3,FALSE()),"") -> Meerut | G222: 4360 | H222: =IFERROR(INDEX(Masters!$D$5:$D$16,MATCH(D222,Masters!$A$5:$A$16,0)),"") -> 1.8 | I222: =IF(OR(G222="",H222=""),"",G222*H222) -> 7848 | J222: Eicher 14ft | K222: =IF(OR(B222="",D222=""),"",IFERROR(B222+VLOOKUP(D222,Masters!$A$5:$E$16,5,FALSE()),"")) -> 46251 | L222: 46254 | M222: Delivered | N222: =IF(OR(L222="",K222=""),"",MAX(0,L222-K222)) -> 3 | O222: =IF(M222="In Transit","Pending",IF(OR(L222="",K222=""),"",IF(L222<=K222,"Yes","No"))) -> No | P222: =IF(B222="","",DATE(YEAR(B222),MONTH(B222),1)) -> 46235 | Q222: =IF(OR(A222="",B222="",C222="",D222="",G222=""),"Missing Field",IF(COUNTIF($A$2:$A$1000,A222)>1,"Duplicate ID",IF(G222<=0,"Invalid Weight",IF(AND(L222<>"",L222<B222),"Delivery Before Ship Date",IF(AND(M222="Delivered",L222=""),"Delivered But No Date","OK"))))) -> OK
A223: SHP-2026-0222 | B223: 46251 | C223: Bharat Auto Components | D223: DEL-JPR | E223: =IFERROR(VLOOKUP(D223,Masters!$A$5:$E$16,2,FALSE()),"") -> Delhi | F223: =IFERROR(VLOOKUP(D223,Masters!$A$5:$E$16,3,FALSE()),"") -> Jaipur | G223: 7880 | H223: =IFERROR(INDEX(Masters!$D$5:$D$16,MATCH(D223,Masters!$A$5:$A$16,0)),"") -> 3.5 | I223: =IF(OR(G223="",H223=""),"",G223*H223) -> 27580 | J223: Container 20ft | K223: =IF(OR(B223="",D223=""),"",IFERROR(B223+VLOOKUP(D223,Masters!$A$5:$E$16,5,FALSE()),"")) -> 46253 | L223: 46256 | M223: Delivered | N223: =IF(OR(L223="",K223=""),"",MAX(0,L223-K223)) -> 3 | O223: =IF(M223="In Transit","Pending",IF(OR(L223="",K223=""),"",IF(L223<=K223,"Yes","No"))) -> No | P223: =IF(B223="","",DATE(YEAR(B223),MONTH(B223),1)) -> 46235 | Q223: =IF(OR(A223="",B223="",C223="",D223="",G223=""),"Missing Field",IF(COUNTIF($A$2:$A$1000,A223)>1,"Duplicate ID",IF(G223<=0,"Invalid Weight",IF(AND(L223<>"",L223<B223),"Delivery Before Ship Date",IF(AND(M223="Delivered",L223=""),"Delivered But No Date","OK"))))) -> OK
A224: SHP-2026-0223 | B224: 46251 | C224: Apex Electronics | D224: DEL-JPR | E224: =IFERROR(VLOOKUP(D224,Masters!$A$5:$E$16,2,FALSE()),"") -> Delhi | F224: =IFERROR(VLOOKUP(D224,Masters!$A$5:$E$16,3,FALSE()),"") -> Jaipur | G224: 10250 | H224: =IFERROR(INDEX(Masters!$D$5:$D$16,MATCH(D224,Masters!$A$5:$A$16,0)),"") -> 3.5 | I224: =IF(OR(G224="",H224=""),"",G224*H224) -> 35875 | J224: Trailer 32ft | K224: =IF(OR(B224="",D224=""),"",IFERROR(B224+VLOOKUP(D224,Masters!$A$5:$E$16,5,FALSE()),"")) -> 46253 | L224: 46254 | M224: Delivered | N224: =IF(OR(L224="",K224=""),"",MAX(0,L224-K224)) -> 1 | O224: =IF(M224="In Transit","Pending",IF(OR(L224="",K224=""),"",IF(L224<=K224,"Yes","No"))) -> No | P224: =IF(B224="","",DATE(YEAR(B224),MONTH(B224),1)) -> 46235 | Q224: =IF(OR(A224="",B224="",C224="",D224="",G224=""),"Missing Field",IF(COUNTIF($A$2:$A$1000,A224)>1,"Duplicate ID",IF(G224<=0,"Invalid Weight",IF(AND(L224<>"",L224<B224),"Delivery Before Ship Date",IF(AND(M224="Delivered",L224=""),"Delivered But No Date","OK"))))) -> OK
A225: SHP-2026-0224 | B225: 46252 | C225: Sharma Agro Foods | D225: DEL-AMD | E225: =IFERROR(VLOOKUP(D225,Masters!$A$5:$E$16,2,FALSE()),"") -> Delhi | F225: =IFERROR(VLOOKUP(D225,Masters!$A$5:$E$16,3,FALSE()),"") -> Ahmedabad | G225: 3620 | H225: =IFERROR(INDEX(Masters!$D$5:$D$16,MATCH(D225,Masters!$A$5:$A$16,0)),"") -> 7.5 | I225: =IF(OR(G225="",H225=""),"",G225*H225) -> 27150 | J225: Eicher 14ft | K225: =IF(OR(B225="",D225=""),"",IFERROR(B225+VLOOKUP(D225,Masters!$A$5:$E$16,5,FALSE()),"")) -> 46256 | L225: 46257 | M225: Delivered | N225: =IF(OR(L225="",K225=""),"",MAX(0,L225-K225)) -> 1 | O225: =IF(M225="In Transit","Pending",IF(OR(L225="",K225=""),"",IF(L225<=K225,"Yes","No"))) -> No | P225: =IF(B225="","",DATE(YEAR(B225),MONTH(B225),1)) -> 46235 | Q225: =IF(OR(A225="",B225="",C225="",D225="",G225=""),"Missing Field",IF(COUNTIF($A$2:$A$1000,A225)>1,"Duplicate ID",IF(G225<=0,"Invalid Weight",IF(AND(L225<>"",L225<B225),"Delivery Before Ship Date",IF(AND(M225="Delivered",L225=""),"Delivered But No Date","OK"))))) -> OK
A226: SHP-2026-0225 | B226: 46252 | C226: Nova Home Appliances | D226: DEL-CHD | E226: =IFERROR(VLOOKUP(D226,Masters!$A$5:$E$16,2,FALSE()),"") -> Delhi | F226: =IFERROR(VLOOKUP(D226,Masters!$A$5:$E$16,3,FALSE()),"") -> Chandigarh | G226: 4730 | H226: =IFERROR(INDEX(Masters!$D$5:$D$16,MATCH(D226,Masters!$A$5:$A$16,0)),"") -> 3 | I226: =IF(OR(G226="",H226=""),"",G226*H226) -> 14190 | J226: Eicher 14ft | K226: =IF(OR(B226="",D226=""),"",IFERROR(B226+VLOOKUP(D226,Masters!$A$5:$E$16,5,FALSE()),"")) -> 46254 | L226: 46253 | M226: Delivered | N226: =IF(OR(L226="",K226=""),"",MAX(0,L226-K226)) -> 0 | O226: =IF(M226="In Transit","Pending",IF(OR(L226="",K226=""),"",IF(L226<=K226,"Yes","No"))) -> Yes | P226: =IF(B226="","",DATE(YEAR(B226),MONTH(B226),1)) -> 46235 | Q226: =IF(OR(A226="",B226="",C226="",D226="",G226=""),"Missing Field",IF(COUNTIF($A$2:$A$1000,A226)>1,"Duplicate ID",IF(G226<=0,"Invalid Weight",IF(AND(L226<>"",L226<B226),"Delivery Before Ship Date",IF(AND(M226="Delivered",L226=""),"Delivered But No Date","OK"))))) -> OK
A227: SHP-2026-0226 | B227: 46252 | C227: Sharma Agro Foods | D227: DEL-IDR | E227: =IFERROR(VLOOKUP(D227,Masters!$A$5:$E$16,2,FALSE()),"") -> Delhi | F227: =IFERROR(VLOOKUP(D227,Masters!$A$5:$E$16,3,FALSE()),"") -> Indore | G227: 1680 | H227: =IFERROR(INDEX(Masters!$D$5:$D$16,MATCH(D227,Masters!$A$5:$A$16,0)),"") -> 9 | I227: =IF(OR(G227="",H227=""),"",G227*H227) -> 15120 | J227: Tata 407 | K227: =IF(OR(B227="",D227=""),"",IFERROR(B227+VLOOKUP(D227,Masters!$A$5:$E$16,5,FALSE()),"")) -> 46257 | L227: 46257 | M227: Delivered | N227: =IF(OR(L227="",K227=""),"",MAX(0,L227-K227)) -> 0 | O227: =IF(M227="In Transit","Pending",IF(OR(L227="",K227=""),"",IF(L227<=K227,"Yes","No"))) -> Yes | P227: =IF(B227="","",DATE(YEAR(B227),MONTH(B227),1)) -> 46235 | Q227: =IF(OR(A227="",B227="",C227="",D227="",G227=""),"Missing Field",IF(COUNTIF($A$2:$A$1000,A227)>1,"Duplicate ID",IF(G227<=0,"Invalid Weight",IF(AND(L227<>"",L227<B227),"Delivery Before Ship Date",IF(AND(M227="Delivered",L227=""),"Delivered But No Date","OK"))))) -> OK
A228: SHP-2026-0227 | B228: 46253 | C228: Nova Home Appliances | D228: DEL-CCU | E228: =IFERROR(VLOOKUP(D228,Masters!$A$5:$E$16,2,FALSE()),"") -> Delhi | F228: =IFERROR(VLOOKUP(D228,Masters!$A$5:$E$16,3,FALSE()),"") -> Kolkata | G228: 4350 | H228: =IFERROR(INDEX(Masters!$D$5:$D$16,MATCH(D228,Masters!$A$5:$A$16,0)),"") -> 12 | I228: =IF(OR(G228="",H228=""),"",G228*H228) -> 52200 | J228: Eicher 14ft | K228: =IF(OR(B228="",D228=""),"",IFERROR(B228+VLOOKUP(D228,Masters!$A$5:$E$16,5,FALSE()),"")) -> 46260 | L228: 46260 | M228: Delivered | N228: =IF(OR(L228="",K228=""),"",MAX(0,L228-K228)) -> 0 | O228: =IF(M228="In Transit","Pending",IF(OR(L228="",K228=""),"",IF(L228<=K228,"Yes","No"))) -> Yes | P228: =IF(B228="","",DATE(YEAR(B228),MONTH(B228),1)) -> 46235 | Q228: =IF(OR(A228="",B228="",C228="",D228="",G228=""),"Missing Field",IF(COUNTIF($A$2:$A$1000,A228)>1,"Duplicate ID",IF(G228<=0,"Invalid Weight",IF(AND(L228<>"",L228<B228),"Delivery Before Ship Date",IF(AND(M228="Delivered",L228=""),"Delivered But No Date","OK"))))) -> OK
... A231: SHP-2026-0230 | B231: 46254 | C231: Apex Electronics | D231: DEL-LKO | E231: =IFERROR(VLOOKUP(D231,Masters!$A$5:$E$16,2,FALSE()),"") -> Delhi | F231: =IFERROR(VLOOKUP(D231,Masters!$A$5:$E$16,3,FALSE()),"") -> Lucknow | G231: 3160 | H231: =IFERROR(INDEX(Masters!$D$5:$D$16,MATCH(D231,Masters!$A$5:$A$16,0)),"") -> 5.2 | I231: =IF(OR(G231="",H231=""),"",G231*H231) -> 16432 | J231: Eicher 14ft | K231: =IF(OR(B231="",D231=""),"",IFERROR(B231+VLOOKUP(D231,Masters!$A$5:$E$16,5,FALSE()),"")) -> 46257 | L231: 46257 | M231: Delivered | N231: =IF(OR(L231="",K231=""),"",MAX(0,L231-K231)) -> 0 | O231: =IF(M231="In Transit","Pending",IF(OR(L231="",K231=""),"",IF(L231<=K231,"Yes","No"))) -> Yes | P231: =IF(B231="","",DATE(YEAR(B231),MONTH(B231),1)) -> 46235 | Q231: =IF(OR(A231="",B231="",C231="",D231="",G231=""),"Missing Field",IF(COUNTIF($A$2:$A$1000,A231)>1,"Duplicate ID",IF(G231<=0,"Invalid Weight",IF(AND(L231<>"",L231<B231),"Delivery Before Ship Date",IF(AND(M231="Delivered",L231=""),"Delivered But No Date","OK"))))) -> OK
A232: SHP-2026-0231 | B232: 46254 | D232: DEL-DED | E232: =IFERROR(VLOOKUP(D232,Masters!$A$5:$E$16,2,FALSE()),"") -> Delhi | F232: =IFERROR(VLOOKUP(D232,Masters!$A$5:$E$16,3,FALSE()),"") -> Dehradun | G232: 4370 | H232: =IFERROR(INDEX(Masters!$D$5:$D$16,MATCH(D232,Masters!$A$5:$A$16,0)),"") -> 4 | I232: =IF(OR(G232="",H232=""),"",G232*H232) -> 17480 | J232: Eicher 14ft | K232: =IF(OR(B232="",D232=""),"",IFERROR(B232+VLOOKUP(D232,Masters!$A$5:$E$16,5,FALSE()),"")) -> 46256 | L232: 46256 | M232: Delivered | N232: =IF(OR(L232="",K232=""),"",MAX(0,L232-K232)) -> 0 | O232: =IF(M232="In Transit","Pending",IF(OR(L232="",K232=""),"",IF(L232<=K232,"Yes","No"))) -> Yes | P232: =IF(B232="","",DATE(YEAR(B232),MONTH(B232),1)) -> 46235 | Q232: =IF(OR(A232="",B232="",C232="",D232="",G232=""),"Missing Field",IF(COUNTIF($A$2:$A$1000,A232)>1,"Duplicate ID",IF(G232<=0,"Invalid Weight",IF(AND(L232<>"",L232<B232),"Delivery Before Ship Date",IF(AND(M232="Delivered",L232=""),"Delivered But No Date","OK"))))) -> Missing Field
A233: SHP-2026-0232 | B233: 46254 | C233: Delta Packaging | D233: DEL-IDR | E233: =IFERROR(VLOOKUP(D233,Masters!$A$5:$E$16,2,FALSE()),"") -> Delhi | F233: =IFERROR(VLOOKUP(D233,Masters!$A$5:$E$16,3,FALSE()),"") -> Indore | G233: 2800 | H233: =IFERROR(INDEX(Masters!$D$5:$D$16,MATCH(D233,Masters!$A$5:$A$16,0)),"") -> 9 | I233: =IF(OR(G233="",H233=""),"",G233*H233) -> 25200 | J233: Eicher 14ft | K233: =IF(OR(B233="",D233=""),"",IFERROR(B233+VLOOKUP(D233,Masters!$A$5:$E$16,5,FALSE()),"")) -> 46259 | L233: 46260 | M233: Delivered | N233: =IF(OR(L233="",K233=""),"",MAX(0,L233-K233)) -> 1 | O233: =IF(M233="In Transit","Pending",IF(OR(L233="",K233=""),"",IF(L233<=K233,"Yes","No"))) -> No | P233: =IF(B233="","",DATE(YEAR(B233),MONTH(B233),1)) -> 46235 | Q233: =IF(OR(A233="",B233="",C233="",D233="",G233=""),"Missing Field",IF(COUNTIF($A$2:$A$1000,A233)>1,"Duplicate ID",IF(G233<=0,"Invalid Weight",IF(AND(L233<>"",L233<B233),"Delivery Before Ship Date",IF(AND(M233="Delivered",L233=""),"Delivered But No Date","OK"))))) -> OK
A234: SHP-2026-0233 | B234: 46255 | C234: Shree Ganesh Traders | D234: DEL-KNP | E234: =IFERROR(VLOOKUP(D234,Masters!$A$5:$E$16,2,FALSE()),"") -> Delhi | F234: =IFERROR(VLOOKUP(D234,Masters!$A$5:$E$16,3,FALSE()),"") -> Kanpur | G234: 10040 | H234: =IFERROR(INDEX(Masters!$D$5:$D$16,MATCH(D234,Masters!$A$5:$A$16,0)),"") -> 4.5 | I234: =IF(OR(G234="",H234=""),"",G234*H234) -> 45180 | J234: Trailer 32ft | K234: =IF(OR(B234="",D234=""),"",IFERROR(B234+VLOOKUP(D234,Masters!$A$5:$E$16,5,FALSE()),"")) -> 46258 | L234: 46258 | M234: Delivered | N234: =IF(OR(L234="",K234=""),"",MAX(0,L234-K234)) -> 0 | O234: =IF(M234="In Transit","Pending",IF(OR(L234="",K234=""),"",IF(L234<=K234,"Yes","No"))) -> Yes | P234: =IF(B234="","",DATE(YEAR(B234),MONTH(B234),1)) -> 46235 | Q234: =IF(OR(A234="",B234="",C234="",D234="",G234=""),"Missing Field",IF(COUNTIF($A$2:$A$1000,A234)>1,"Duplicate ID",IF(G234<=0,"Invalid Weight",IF(AND(L234<>"",L234<B234),"Delivery Before Ship Date",IF(AND(M234="Delivered",L234=""),"Delivered But No Date","OK"))))) -> OK
A235: SHP-2026-0234 | B235: 46256 | C235: Bharat Auto Components | D235: DEL-KNP | E235: =IFERROR(VLOOKUP(D235,Masters!$A$5:$E$16,2,FALSE()),"") -> Delhi | F235: =IFERROR(VLOOKUP(D235,Masters!$A$5:$E$16,3,FALSE()),"") -> Kanpur | G235: 7670 | H235: =IFERROR(INDEX(Masters!$D$5:$D$16,MATCH(D235,Masters!$A$5:$A$16,0)),"") -> 4.5 | I235: =IF(OR(G235="",H235=""),"",G235*H235) -> 34515 | J235: Container 20ft | K235: =IF(OR(B235="",D235=""),"",IFERROR(B235+VLOOKUP(D235,Masters!$A$5:$E$16,5,FALSE()),"")) -> 46259 | L235: 46259 | M235: Delivered | N235: =IF(OR(L235="",K235=""),"",MAX(0,L235-K235)) -> 0 | O235: =IF(M235="In Transit","Pending",IF(OR(L235="",K235=""),"",IF(L235<=K235,"Yes","No"))) -> Yes | P235: =IF(B235="","",DATE(YEAR(B235),MONTH(B235),1)) -> 46235 | Q235: =IF(OR(A235="",B235="",C235="",D235="",G235=""),"Missing Field",IF(COUNTIF($A$2:$A$1000,A235)>1,"Duplicate ID",IF(G235<=0,"Invalid Weight",IF(AND(L235<>"",L235<B235),"Delivery Before Ship Date",IF(AND(M235="Delivered",L235=""),"Delivered But No Date","OK"))))) -> OK
A236: SHP-2026-0235 | B236: 46256 | C236: Metro Fabrics Pvt Ltd | D236: DEL-CHD | E236: =IFERROR(VLOOKUP(D236,Masters!$A$5:$E$16,2,FALSE()),"") -> Delhi | F236: =IFERROR(VLOOKUP(D236,Masters!$A$5:$E$16,3,FALSE()),"") -> Chandigarh | G236: 2400 | H236: =IFERROR(INDEX(Masters!$D$5:$D$16,MATCH(D236,Masters!$A$5:$A$16,0)),"") -> 3 | I236: =IF(OR(G236="",H236=""),"",G236*H236) -> 7200 | J236: Tata 407 | K236: =IF(OR(B236="",D236=""),"",IFERROR(B236+VLOOKUP(D236,Masters!$A$5:$E$16,5,FALSE()),"")) -> 46258 | L236: 46258 | M236: Delivered | N236: =IF(OR(L236="",K236=""),"",MAX(0,L236-K236)) -> 0 | O236: =IF(M236="In Transit","Pending",IF(OR(L236="",K236=""),"",IF(L236<=K236,"Yes","No"))) -> Yes | P236: =IF(B236="","",DATE(YEAR(B236),MONTH(B236),1)) -> 46235 | Q236: =IF(OR(A236="",B236="",C236="",D236="",G236=""),"Missing Field",IF(COUNTIF($A$2:$A$1000,A236)>1,"Duplicate ID",IF(G236<=0,"Invalid Weight",IF(AND(L236<>"",L236<B236),"Delivery Before Ship Date",IF(AND(M236="Delivered",L236=""),"Delivered But No Date","OK"))))) -> OK
A237: SHP-2026-0236 | B237: 46256 | C237: Metro Fabrics Pvt Ltd | D237: GZB-MRT | E237: =IFERROR(VLOOKUP(D237,Masters!$A$5:$E$16,2,FALSE()),"") -> Ghaziabad | F237: =IFERROR(VLOOKUP(D237,Masters!$A$5:$E$16,3,FALSE()),"") -> Meerut | G237: 1810 | H237: =IFERROR(INDEX(Masters!$D$5:$D$16,MATCH(D237,Masters!$A$5:$A$16,0)),"") -> 1.8 | I237: =IF(OR(G237="",H237=""),"",G237*H237) -> 3258 | J237: Tata 407 | K237: =IF(OR(B237="",D237=""),"",IFERROR(B237+VLOOKUP(D237,Masters!$A$5:$E$16,5,FALSE()),"")) -> 46257 | L237: 46257 | M237: Delivered | N237: =IF(OR(L237="",K237=""),"",MAX(0,L237-K237)) -> 0 | O237: =IF(M237="In Transit","Pending",IF(OR(L237="",K237=""),"",IF(L237<=K237,"Yes","No"))) -> Yes | P237: =IF(B237="","",DATE(YEAR(B237),MONTH(B237),1)) -> 46235 | Q237: =IF(OR(A237="",B237="",C237="",D237="",G237=""),"Missing Field",IF(COUNTIF($A$2:$A$1000,A237)>1,"Duplicate ID",IF(G237<=0,"Invalid Weight",IF(AND(L237<>"",L237<B237),"Delivery Before Ship Date",IF(AND(M237="Delivered",L237=""),"Delivered But No Date","OK"))))) -> OK
A238: SHP-2026-0237 | B238: 46257 | C238: Kailash Pharma | D238: DEL-AMD | E238: =IFERROR(VLOOKUP(D238,Masters!$A$5:$E$16,2,FALSE()),"") -> Delhi | F238: =IFERROR(VLOOKUP(D238,Masters!$A$5:$E$16,3,FALSE()),"") -> Ahmedabad | G238: 1980 | H238: =IFERROR(INDEX(Masters!$D$5:$D$16,MATCH(D238,Masters!$A$5:$A$16,0)),"") -> 7.5 | I238: =IF(OR(G238="",H238=""),"",G238*H238) -> 14850 | J238: Tata 407 | K238: =IF(OR(B238="",D238=""),"",IFERROR(B238+VLOOKUP(D238,Masters!$A$5:$E$16,5,FALSE()),"")) -> 46261 | L238: 46261 | M238: Delivered | N238: =IF(OR(L238="",K238=""),"",MAX(0,L238-K238)) -> 0 | O238: =IF(M238="In Transit","Pending",IF(OR(L238="",K238=""),"",IF(L238<=K238,"Yes","No"))) -> Yes | P238: =IF(B238="","",DATE(YEAR(B238),MONTH(B238),1)) -> 46235 | Q238: =IF(OR(A238="",B238="",C238="",D238="",G238=""),"Missing Field",IF(COUNTIF($A$2:$A$1000,A238)>1,"Duplicate ID",IF(G238<=0,"Invalid Weight",IF(AND(L238<>"",L238<B238),"Delivery Before Ship Date",IF(AND(M238="Delivered",L238=""),"Delivered But No Date","OK"))))) -> OK
A239: SHP-2026-0238 | B239: 46257 | C239: Apex Electronics | D239: GZB-MRT | E239: =IFERROR(VLOOKUP(D239,Masters!$A$5:$E$16,2,FALSE()),"") -> Ghaziabad | F239: =IFERROR(VLOOKUP(D239,Masters!$A$5:$E$16,3,FALSE()),"") -> Meerut | G239: 2700 | H239: =IFERROR(INDEX(Masters!$D$5:$D$16,MATCH(D239,Masters!$A$5:$A$16,0)),"") -> 1.8 | I239: =IF(OR(G239="",H239=""),"",G239*H239) -> 4860 | J239: Eicher 14ft | K239: =IF(OR(B239="",D239=""),"",IFERROR(B239+VLOOKUP(D239,Masters!$A$5:$E$16,5,FALSE()),"")) -> 46258 | L239: 46258 | M239: Delivered | N239: =IF(OR(L239="",K239=""),"",MAX(0,L239-K239)) -> 0 | O239: =IF(M239="In Transit","Pending",IF(OR(L239="",K239=""),"",IF(L239<=K239,"Yes","No"))) -> Yes | P239: =IF(B239="","",DATE(YEAR(B239),MONTH(B239),1)) -> 46235 | Q239: =IF(OR(A239="",B239="",C239="",D239="",G239=""),"Missing Field",IF(COUNTIF($A$2:$A$1000,A239)>1,"Duplicate ID",IF(G239<=0,"Invalid Weight",IF(AND(L239<>"",L239<B239),"Delivery Before Ship Date",IF(AND(M239="Delivered",L239=""),"Delivered But No Date","OK"))))) -> OK
A240: SHP-2026-0239 | B240: 46257 | C240: Sunrise Furniture | D240: GZB-MRT | E240: =IFERROR(VLOOKUP(D240,Masters!$A$5:$E$16,2,FALSE()),"") -> Ghaziabad | F240: =IFERROR(VLOOKUP(D240,Masters!$A$5:$E$16,3,FALSE()),"") -> Meerut | G240: 9560 | H240: =IFERROR(INDEX(Masters!$D$5:$D$16,MATCH(D240,Masters!$A$5:$A$16,0)),"") -> 1.8 | I240: =IF(OR(G240="",H240=""),"",G240*H240) -> 17208 | J240: Trailer 32ft | K240: =IF(OR(B240="",D240=""),"",IFERROR(B240+VLOOKUP(D240,Masters!$A$5:$E$16,5,FALSE()),"")) -> 46258 | L240: 46258 | M240: Delivered | N240: =IF(OR(L240="",K240=""),"",MAX(0,L240-K240)) -> 0 | O240: =IF(M240="In Transit","Pending",IF(OR(L240="",K240=""),"",IF(L240<=K240,"Yes","No"))) -> Yes | P240: =IF(B240="","",DATE(YEAR(B240),MONTH(B240),1)) -> 46235 | Q240: =IF(OR(A240="",B240="",C240="",D240="",G240=""),"Missing Field",IF(COUNTIF($A$2:$A$1000,A240)>1,"Duplicate ID",IF(G240<=0,"Invalid Weight",IF(AND(L240<>"",L240<B240),"Delivery Before Ship Date",IF(AND(M240="Delivered",L240=""),"Delivered But No Date","OK"))))) -> OK
A241: SHP-2026-0240 | B241: 46257 | C241: Apex Electronics | D241: DEL-AMD | E241: =IFERROR(VLOOKUP(D241,Masters!$A$5:$E$16,2,FALSE()),"") -> Delhi | F241: =IFERROR(VLOOKUP(D241,Masters!$A$5:$E$16,3,FALSE()),"") -> Ahmedabad | G241: 9230 | H241: =IFERROR(INDEX(Masters!$D$5:$D$16,MATCH(D241,Masters!$A$5:$A$16,0)),"") -> 7.5 | I241: =IF(OR(G241="",H241=""),"",G241*H241) -> 69225 | J241: Trailer 32ft | K241: =IF(OR(B241="",D241=""),"",IFERROR(B241+VLOOKUP(D241,Masters!$A$5:$E$16,5,FALSE()),"")) -> 46261 | L241: 46260 | M241: Delivered | N241: =IF(OR(L241="",K241=""),"",MAX(0,L241-K241)) -> 0 | O241: =IF(M241="In Transit","Pending",IF(OR(L241="",K241=""),"",IF(L241<=K241,"Yes","No"))) -> Yes | P241: =IF(B241="","",DATE(YEAR(B241),MONTH(B241),1)) -> 46235 | Q241: =IF(OR(A241="",B241="",C241="",D241="",G241=""),"Missing Field",IF(COUNTIF($A$2:$A$1000,A241)>1,"Duplicate ID",IF(G241<=0,"Invalid Weight",IF(AND(L241<>"",L241<B241),"Delivery Before Ship Date",IF(AND(M241="Delivered",L241=""),"Delivered But No Date","OK"))))) -> OK
A242: SHP-2026-0241 | B242: 46258 | C242: Metro Fabrics Pvt Ltd | D242: DEL-JPR | E242: =IFERROR(VLOOKUP(D242,Masters!$A$5:$E$16,2,FALSE()),"") -> Delhi | F242: =IFERROR(VLOOKUP(D242,Masters!$A$5:$E$16,3,FALSE()),"") -> Jaipur | G242: 3060 | H242: =IFERROR(INDEX(Masters!$D$5:$D$16,MATCH(D242,Masters!$A$5:$A$16,0)),"") -> 3.5 | I242: =IF(OR(G242="",H242=""),"",G242*H242) -> 10710 | J242: Eicher 14ft | K242: =IF(OR(B242="",D242=""),"",IFERROR(B242+VLOOKUP(D242,Masters!$A$5:$E$16,5,FALSE()),"")) -> 46260 | L242: 46262 | M242: Delivered | N242: =IF(OR(L242="",K242=""),"",MAX(0,L242-K242)) -> 2 | O242: =IF(M242="In Transit","Pending",IF(OR(L242="",K242=""),"",IF(L242<=K242,"Yes","No"))) -> No | P242: =IF(B242="","",DATE(YEAR(B242),MONTH(B242),1)) -> 46235 | Q242: =IF(OR(A242="",B242="",C242="",D242="",G242=""),"Missing Field",IF(COUNTIF($A$2:$A$1000,A242)>1,"Duplicate ID",IF(G242<=0,"Invalid Weight",IF(AND(L242<>"",L242<B242),"Delivery Before Ship Date",IF(AND(M242="Delivered",L242=""),"Delivered But No Date","OK"))))) -> OK
A243: SHP-2026-0242 | B243: 46258 | C243: Apex Electronics | D243: GZB-MRT | E243: =IFERROR(VLOOKUP(D243,Masters!$A$5:$E$16,2,FALSE()),"") -> Ghaziabad | F243: =IFERROR(VLOOKUP(D243,Masters!$A$5:$E$16,3,FALSE()),"") -> Meerut | G243: 5210 | H243: =IFERROR(INDEX(Masters!$D$5:$D$16,MATCH(D243,Masters!$A$5:$A$16,0)),"") -> 1.8 | I243: =IF(OR(G243="",H243=""),"",G243*H243) -> 9378 | J243: Container 20ft | K243: =IF(OR(B243="",D243=""),"",IFERROR(B243+VLOOKUP(D243,Masters!$A$5:$E$16,5,FALSE()),"")) -> 46259 | L243: 46260 | M243: Delivered | N243: =IF(OR(L243="",K243=""),"",MAX(0,L243-K243)) -> 1 | O243: =IF(M243="In Transit","Pending",IF(OR(L243="",K243=""),"",IF(L243<=K243,"Yes","No"))) -> No | P243: =IF(B243="","",DATE(YEAR(B243),MONTH(B243),1)) -> 46235 | Q243: =IF(OR(A243="",B243="",C243="",D243="",G243=""),"Missing Field",IF(COUNTIF($A$2:$A$1000,A243)>1,"Duplicate ID",IF(G243<=0,"Invalid Weight",IF(AND(L243<>"",L243<B243),"Delivery Before Ship Date",IF(AND(M243="Delivered",L243=""),"Delivered But No Date","OK"))))) -> OK
A244: SHP-2026-0243 | B244: 46259 | C244: Shree Ganesh Traders | D244: GZB-MRT | E244: =IFERROR(VLOOKUP(D244,Masters!$A$5:$E$16,2,FALSE()),"") -> Ghaziabad | F244: =IFERROR(VLOOKUP(D244,Masters!$A$5:$E$16,3,FALSE()),"") -> Meerut | H244: =IFERROR(INDEX(Masters!$D$5:$D$16,MATCH(D244,Masters!$A$5:$A$16,0)),"") -> 1.8 | I244: =IF(OR(G244="",H244=""),"",G244*H244) | J244: Container 20ft | K244: =IF(OR(B244="",D244=""),"",IFERROR(B244+VLOOKUP(D244,Masters!$A$5:$E$16,5,FALSE()),"")) -> 46260 | L244: 46260 | M244: Delivered | N244: =IF(OR(L244="",K244=""),"",MAX(0,L244-K244)) -> 0 | O244: =IF(M244="In Transit","Pending",IF(OR(L244="",K244=""),"",IF(L244<=K244,"Yes","No"))) -> Yes | P244: =IF(B244="","",DATE(YEAR(B244),MONTH(B244),1)) -> 46235 | Q244: =IF(OR(A244="",B244="",C244="",D244="",G244=""),"Missing Field",IF(COUNTIF($A$2:$A$1000,A244)>1,"Duplicate ID",IF(G244<=0,"Invalid Weight",IF(AND(L244<>"",L244<B244),"Delivery Before Ship Date",IF(AND(M244="Delivered",L244=""),"Delivered But No Date","OK"))))) -> Missing Field
A245: SHP-2026-0244 | B245: 46259 | C245: Metro Fabrics Pvt Ltd | D245: DEL-BPL | E245: =IFERROR(VLOOKUP(D245,Masters!$A$5:$E$16,2,FALSE()),"") -> Delhi | F245: =IFERROR(VLOOKUP(D245,Masters!$A$5:$E$16,3,FALSE()),"") -> Bhopal | G245: 5170 | H245: =IFERROR(INDEX(Masters!$D$5:$D$16,MATCH(D245,Masters!$A$5:$A$16,0)),"") -> 8 | I245: =IF(OR(G245="",H245=""),"",G245*H245) -> 41360 | J245: Container 20ft | K245: =IF(OR(B245="",D245=""),"",IFERROR(B245+VLOOKUP(D245,Masters!$A$5:$E$16,5,FALSE()),"")) -> 46264 | L245: 46264 | M245: Delivered | N245: =IF(OR(L245="",K245=""),"",MAX(0,L245-K245)) -> 0 | O245: =IF(M245="In Transit","Pending",IF(OR(L245="",K245=""),"",IF(L245<=K245,"Yes","No"))) -> Yes | P245: =IF(B245="","",DATE(YEAR(B245),MONTH(B245),1)) -> 46235 | Q245: =IF(OR(A245="",B245="",C245="",D245="",G245=""),"Missing Field",IF(COUNTIF($A$2:$A$1000,A245)>1,"Duplicate ID",IF(G245<=0,"Invalid Weight",IF(AND(L245<>"",L245<B245),"Delivery Before Ship Date",IF(AND(M245="Delivered",L245=""),"Delivered But No Date","OK"))))) -> OK
A246: SHP-2026-0245 | B246: 46260 | C246: Sharma Agro Foods | D246: GZB-MRT | E246: =IFERROR(VLOOKUP(D246,Masters!$A$5:$E$16,2,FALSE()),"") -> Ghaziabad | F246: =IFERROR(VLOOKUP(D246,Masters!$A$5:$E$16,3,FALSE()),"") -> Meerut | G246: 3510 | H246: =IFERROR(INDEX(Masters!$D$5:$D$16,MATCH(D246,Masters!$A$5:$A$16,0)),"") -> 1.8 | I246: =IF(OR(G246="",H246=""),"",G246*H246) -> 6318 | J246: Eicher 14ft | K246: =IF(OR(B246="",D246=""),"",IFERROR(B246+VLOOKUP(D246,Masters!$A$5:$E$16,5,FALSE()),"")) -> 46261 | L246: 46261 | M246: Delivered | N246: =IF(OR(L246="",K246=""),"",MAX(0,L246-K246)) -> 0 | O246: =IF(M246="In Transit","Pending",IF(OR(L246="",K246=""),"",IF(L246<=K246,"Yes","No"))) -> Yes | P246: =IF(B246="","",DATE(YEAR(B246),MONTH(B246),1)) -> 46235 | Q246: =IF(OR(A246="",B246="",C246="",D246="",G246=""),"Missing Field",IF(COUNTIF($A$2:$A$1000,A246)>1,"Duplicate ID",IF(G246<=0,"Invalid Weight",IF(AND(L246<>"",L246<B246),"Delivery Before Ship Date",IF(AND(M246="Delivered",L246=""),"Delivered But No Date","OK"))))) -> OK
A247: SHP-2026-0246 | B247: 46260 | C247: Sharma Agro Foods | D247: DEL-LKO | E247: =IFERROR(VLOOKUP(D247,Masters!$A$5:$E$16,2,FALSE()),"") -> Delhi | F247: =IFERROR(VLOOKUP(D247,Masters!$A$5:$E$16,3,FALSE()),"") -> Lucknow | G247: 10050 | H247: =IFERROR(INDEX(Masters!$D$5:$D$16,MATCH(D247,Masters!$A$5:$A$16,0)),"") -> 5.2 | I247: =IF(OR(G247="",H247=""),"",G247*H247) -> 52260 | J247: Trailer 32ft | K247: =IF(OR(B247="",D247=""),"",IFERROR(B247+VLOOKUP(D247,Masters!$A$5:$E$16,5,FALSE()),"")) -> 46263 | L247: 46263 | M247: Delivered | N247: =IF(OR(L247="",K247=""),"",MAX(0,L247-K247)) -> 0 | O247: =IF(M247="In Transit","Pending",IF(OR(L247="",K247=""),"",IF(L247<=K247,"Yes","No"))) -> Yes | P247: =IF(B247="","",DATE(YEAR(B247),MONTH(B247),1)) -> 46235 | Q247: =IF(OR(A247="",B247="",C247="",D247="",G247=""),"Missing Field",IF(COUNTIF($A$2:$A$1000,A247)>1,"Duplicate ID",IF(G247<=0,"Invalid Weight",IF(AND(L247<>"",L247<B247),"Delivery Before Ship Date",IF(AND(M247="Delivered",L247=""),"Delivered But No Date","OK"))))) -> OK
A248: SHP-2026-0247 | B248: 46261 | C248: Sharma Agro Foods | D248: DEL-LKO | E248: =IFERROR(VLOOKUP(D248,Masters!$A$5:$E$16,2,FALSE()),"") -> Delhi | F248: =IFERROR(VLOOKUP(D248,Masters!$A$5:$E$16,3,FALSE()),"") -> Lucknow | G248: 6130 | H248: =IFERROR(INDEX(Masters!$D$5:$D$16,MATCH(D248,Masters!$A$5:$A$16,0)),"") -> 5.2 | I248: =IF(OR(G248="",H248=""),"",G248*H248) -> 31876 | J248: Container 20ft | K248: =IF(OR(B248="",D248=""),"",IFERROR(B248+VLOOKUP(D248,Masters!$A$5:$E$16,5,FALSE()),"")) -> 46264 | L248: 46264 | M248: Delivered | N248: =IF(OR(L248="",K248=""),"",MAX(0,L248-K248)) -> 0 | O248: =IF(M248="In Transit","Pending",IF(OR(L248="",K248=""),"",IF(L248<=K248,"Yes","No"))) -> Yes | P248: =IF(B248="","",DATE(YEAR(B248),MONTH(B248),1)) -> 46235 | Q248: =IF(OR(A248="",B248="",C248="",D248="",G248=""),"Missing Field",IF(COUNTIF($A$2:$A$1000,A248)>1,"Duplicate ID",IF(G248<=0,"Invalid Weight",IF(AND(L248<>"",L248<B248),"Delivery Before Ship Date",IF(AND(M248="Delivered",L248=""),"Delivered But No Date","OK"))))) -> OK
A249: SHP-2026-0248 | B249: 46261 | C249: Metro Fabrics Pvt Ltd | D249: DEL-LKO | E249: =IFERROR(VLOOKUP(D249,Masters!$A$5:$E$16,2,FALSE()),"") -> Delhi | F249: =IFERROR(VLOOKUP(D249,Masters!$A$5:$E$16,3,FALSE()),"") -> Lucknow | G249: 4390 | H249: =IFERROR(INDEX(Masters!$D$5:$D$16,MATCH(D249,Masters!$A$5:$A$16,0)),"") -> 5.2 | I249: =IF(OR(G249="",H249=""),"",G249*H249) -> 22828 | J249: Eicher 14ft | K249: =IF(OR(B249="",D249=""),"",IFERROR(B249+VLOOKUP(D249,Masters!$A$5:$E$16,5,FALSE()),"")) -> 46264 | L249: 46263 | M249: Delivered | N249: =IF(OR(L249="",K249=""),"",MAX(0,L249-K249)) -> 0 | O249: =IF(M249="In Transit","Pending",IF(OR(L249="",K249=""),"",IF(L249<=K249,"Yes","No"))) -> Yes | P249: =IF(B249="","",DATE(YEAR(B249),MONTH(B249),1)) -> 46235 | Q249: =IF(OR(A249="",B249="",C249="",D249="",G249=""),"Missing Field",IF(COUNTIF($A$2:$A$1000,A249)>1,"Duplicate ID",IF(G249<=0,"Invalid Weight",IF(AND(L249<>"",L249<B249),"Delivery Before Ship Date",IF(AND(M249="Delivered",L249=""),"Delivered But No Date","OK"))))) -> OK
A250: SHP-2026-0249 | B250: 46262 | C250: Nova Home Appliances | D250: DEL-BPL | E250: =IFERROR(VLOOKUP(D250,Masters!$A$5:$E$16,2,FALSE()),"") -> Delhi | F250: =IFERROR(VLOOKUP(D250,Masters!$A$5:$E$16,3,FALSE()),"") -> Bhopal | G250: 7470 | H250: =IFERROR(INDEX(Masters!$D$5:$D$16,MATCH(D250,Masters!$A$5:$A$16,0)),"") -> 8 | I250: =IF(OR(G250="",H250=""),"",G250*H250) -> 59760 | J250: Container 20ft | K250: =IF(OR(B250="",D250=""),"",IFERROR(B250+VLOOKUP(D250,Masters!$A$5:$E$16,5,FALSE()),"")) -> 46267 | L250: 46267 | M250: Delivered | N250: =IF(OR(L250="",K250=""),"",MAX(0,L250-K250)) -> 0 | O250: =IF(M250="In Transit","Pending",IF(OR(L250="",K250=""),"",IF(L250<=K250,"Yes","No"))) -> Yes | P250: =IF(B250="","",DATE(YEAR(B250),MONTH(B250),1)) -> 46235 | Q250: =IF(OR(A250="",B250="",C250="",D250="",G250=""),"Missing Field",IF(COUNTIF($A$2:$A$1000,A250)>1,"Duplicate ID",IF(G250<=0,"Invalid Weight",IF(AND(L250<>"",L250<B250),"Delivery Before Ship Date",IF(AND(M250="Delivered",L250=""),"Delivered But No Date","OK"))))) -> OK
...

Sheet Doc Verification
A1: Doc Ref No | B1: Entity Type | C1: Client / Candidate Name | D1: Document Type | E1: Received Date | F1: Verified By | G1: Status | H1: Discrepancy Remark | I1: Verified Date | J1: Days Pending | K1: Data Check | L1: Aging Flag
A2: DOC-0001 | B2: Candidate | C2: Tarun Tiwari | D2: Education Certificate | E2: 46237 | F2: Priya | G2: Verified | I2: 46239 | J2: =IF(G2="Pending",IF(E2="","",Masters!$B$21-E2),"") | K2: =IF(A2="","Missing Ref",IF(COUNTIF($A$2:$A$500,A2)>1,"Duplicate Ref",IF(OR(B2="",C2="",D2="",E2="",G2=""),"Missing Info",IF(AND(G2="Discrepancy",H2=""),"Remark Needed",IF(AND(G2="Verified",I2=""),"Verified Date Needed","OK"))))) -> OK | L2: =IF(G2<>"Pending","",IF(J2="","",IF(J2>Masters!$B$20,"Overdue","Within SLA")))
A3: DOC-0002 | B3: Candidate | C3: Nisha Sharma | D3: Address Proof | E3: 46237 | F3: Amit | G3: Discrepancy | H3: Name mismatch | J3: =IF(G3="Pending",IF(E3="","",Masters!$B$21-E3),"") | K3: =IF(A3="","Missing Ref",IF(COUNTIF($A$2:$A$500,A3)>1,"Duplicate Ref",IF(OR(B3="",C3="",D3="",E3="",G3=""),"Missing Info",IF(AND(G3="Discrepancy",H3=""),"Remark Needed",IF(AND(G3="Verified",I3=""),"Verified Date Needed","OK"))))) -> OK | L3: =IF(G3<>"Pending","",IF(J3="","",IF(J3>Masters!$B$20,"Overdue","Within SLA")))
A4: DOC-0003 | B4: Candidate | C4: Pooja Kumar | D4: Aadhaar Card | E4: 46237 | F4: Amit | G4: Verified | I4: 46241 | J4: =IF(G4="Pending",IF(E4="","",Masters!$B$21-E4),"") | K4: =IF(A4="","Missing Ref",IF(COUNTIF($A$2:$A$500,A4)>1,"Duplicate Ref",IF(OR(B4="",C4="",D4="",E4="",G4=""),"Missing Info",IF(AND(G4="Discrepancy",H4=""),"Remark Needed",IF(AND(G4="Verified",I4=""),"Verified Date Needed","OK"))))) -> OK | L4: =IF(G4<>"Pending","",IF(J4="","",IF(J4>Masters!$B$20,"Overdue","Within SLA")))
A5: DOC-0004 | B5: Candidate | C5: Tarun Tiwari | D5: Experience Letter | E5: 46237 | F5: Rahul | G5: Verified | I5: 46237 | J5: =IF(G5="Pending",IF(E5="","",Masters!$B$21-E5),"") | K5: =IF(A5="","Missing Ref",IF(COUNTIF($A$2:$A$500,A5)>1,"Duplicate Ref",IF(OR(B5="",C5="",D5="",E5="",G5=""),"Missing Info",IF(AND(G5="Discrepancy",H5=""),"Remark Needed",IF(AND(G5="Verified",I5=""),"Verified Date Needed","OK"))))) -> OK | L5: =IF(G5<>"Pending","",IF(J5="","",IF(J5>Masters!$B$20,"Overdue","Within SLA")))
A6: DOC-0005 | B6: Client | C6: Metro Fabrics Pvt Ltd | D6: Service Agreement | E6: 46237 | F6: Amit | G6: Verified | I6: 46241 | J6: =IF(G6="Pending",IF(E6="","",Masters!$B$21-E6),"") | K6: =IF(A6="","Missing Ref",IF(COUNTIF($A$2:$A$500,A6)>1,"Duplicate Ref",IF(OR(B6="",C6="",D6="",E6="",G6=""),"Missing Info",IF(AND(G6="Discrepancy",H6=""),"Remark Needed",IF(AND(G6="Verified",I6=""),"Verified Date Needed","OK"))))) -> OK | L6: =IF(G6<>"Pending","",IF(J6="","",IF(J6>Masters!$B$20,"Overdue","Within SLA")))
A7: DOC-0006 | B7: Candidate | C7: Anjali Sharma | D7: Aadhaar Card | E7: 46238 | F7: Amit | G7: Verified | I7: 46238 | J7: =IF(G7="Pending",IF(E7="","",Masters!$B$21-E7),"") | K7: =IF(A7="","Missing Ref",IF(COUNTIF($A$2:$A$500,A7)>1,"Duplicate Ref",IF(OR(B7="",C7="",D7="",E7="",G7=""),"Missing Info",IF(AND(G7="Discrepancy",H7=""),"Remark Needed",IF(AND(G7="Verified",I7=""),"Verified Date Needed","OK"))))) -> OK | L7: =IF(G7<>"Pending","",IF(J7="","",IF(J7>Masters!$B$20,"Overdue","Within SLA")))
A8: DOC-0007 | B8: Client | C8: Shree Ganesh Traders | D8: Service Agreement | E8: 46239 | F8: Priya | G8: Verified | I8: 46243 | J8: =IF(G8="Pending",IF(E8="","",Masters!$B$21-E8),"") | K8: =IF(A8="","Missing Ref",IF(COUNTIF($A$2:$A$500,A8)>1,"Duplicate Ref",IF(OR(B8="",C8="",D8="",E8="",G8=""),"Missing Info",IF(AND(G8="Discrepancy",H8=""),"Remark Needed",IF(AND(G8="Verified",I8=""),"Verified Date Needed","OK"))))) -> OK | L8: =IF(G8<>"Pending","",IF(J8="","",IF(J8>Masters!$B$20,"Overdue","Within SLA")))
A9: DOC-0008 | B9: Candidate | C9: Pooja Kumar | D9: Education Certificate | E9: 46239 | F9: Amit | G9: Verified | I9: 46241 | J9: =IF(G9="Pending",IF(E9="","",Masters!$B$21-E9),"") | K9: =IF(A9="","Missing Ref",IF(COUNTIF($A$2:$A$500,A9)>1,"Duplicate Ref",IF(OR(B9="",C9="",D9="",E9="",G9=""),"Missing Info",IF(AND(G9="Discrepancy",H9=""),"Remark Needed",IF(AND(G9="Verified",I9=""),"Verified Date Needed","OK"))))) -> OK | L9: =IF(G9<>"Pending","",IF(J9="","",IF(J9>Masters!$B$20,"Overdue","Within SLA")))
A10: DOC-0009 | B10: Client | C10: Sharma Agro Foods | D10: Bank Details | E10: 46240 | F10: Rahul | G10: Verified | I10: 46240 | J10: =IF(G10="Pending",IF(E10="","",Masters!$B$21-E10),"") | K10: =IF(A10="","Missing Ref",IF(COUNTIF($A$2:$A$500,A10)>1,"Duplicate Ref",IF(OR(B10="",C10="",D10="",E10="",G10=""),"Missing Info",IF(AND(G10="Discrepancy",H10=""),"Remark Needed",IF(AND(G10="Verified",I10=""),"Verified Date Needed","OK"))))) -> OK | L10: =IF(G10<>"Pending","",IF(J10="","",IF(J10>Masters!$B$20,"Overdue","Within SLA")))
A11: DOC-0010 | B11: Candidate | C11: Karan Verma | D11: Aadhaar Card | E11: 46240 | F11: Priya | G11: Verified | I11: 46241 | J11: =IF(G11="Pending",IF(E11="","",Masters!$B$21-E11),"") | K11: =IF(A11="","Missing Ref",IF(COUNTIF($A$2:$A$500,A11)>1,"Duplicate Ref",IF(OR(B11="",C11="",D11="",E11="",G11=""),"Missing Info",IF(AND(G11="Discrepancy",H11=""),"Remark Needed",IF(AND(G11="Verified",I11=""),"Verified Date Needed","OK"))))) -> OK | L11: =IF(G11<>"Pending","",IF(J11="","",IF(J11>Masters!$B$20,"Overdue","Within SLA")))
A12: DOC-0011 | B12: Candidate | C12: Isha Singh | D12: Aadhaar Card | E12: 46240 | F12: Rahul | G12: Verified | I12: 46243 | J12: =IF(G12="Pending",IF(E12="","",Masters!$B$21-E12),"") | K12: =IF(A12="","Missing Ref",IF(COUNTIF($A$2:$A$500,A12)>1,"Duplicate Ref",IF(OR(B12="",C12="",D12="",E12="",G12=""),"Missing Info",IF(AND(G12="Discrepancy",H12=""),"Remark Needed",IF(AND(G12="Verified",I12=""),"Verified Date Needed","OK"))))) -> OK | L12: =IF(G12<>"Pending","",IF(J12="","",IF(J12>Masters!$B$20,"Overdue","Within SLA")))
A13: DOC-0012 | B13: Candidate | C13: Isha Singh | D13: Experience Letter | E13: 46241 | F13: Amit | G13: Verified | I13: 46242 | J13: =IF(G13="Pending",IF(E13="","",Masters!$B$21-E13),"") | K13: =IF(A13="","Missing Ref",IF(COUNTIF($A$2:$A$500,A13)>1,"Duplicate Ref",IF(OR(B13="",C13="",D13="",E13="",G13=""),"Missing Info",IF(AND(G13="Discrepancy",H13=""),"Remark Needed",IF(AND(G13="Verified",I13=""),"Verified Date Needed","OK"))))) -> OK | L13: =IF(G13<>"Pending","",IF(J13="","",IF(J13>Masters!$B$20,"Overdue","Within SLA")))
A14: DOC-0013 | B14: Client | C14: Nova Home Appliances | D14: Bank Details | E14: 46241 | F14: Rahul | G14: Verified | I14: 46244 | J14: =IF(G14="Pending",IF(E14="","",Masters!$B$21-E14),"") | K14: =IF(A14="","Missing Ref",IF(COUNTIF($A$2:$A$500,A14)>1,"Duplicate Ref",IF(OR(B14="",C14="",D14="",E14="",G14=""),"Missing Info",IF(AND(G14="Discrepancy",H14=""),"Remark Needed",IF(AND(G14="Verified",I14=""),"Verified Date Needed","OK"))))) -> OK | L14: =IF(G14<>"Pending","",IF(J14="","",IF(J14>Masters!$B$20,"Overdue","Within SLA")))
A15: DOC-0014 | B15: Client | C15: Delta Packaging | D15: GST Certificate | E15: 46241 | F15: Amit | G15: Verified | I15: 46245 | J15: =IF(G15="Pending",IF(E15="","",Masters!$B$21-E15),"") | K15: =IF(A15="","Missing Ref",IF(COUNTIF($A$2:$A$500,A15)>1,"Duplicate Ref",IF(OR(B15="",C15="",D15="",E15="",G15=""),"Missing Info",IF(AND(G15="Discrepancy",H15=""),"Remark Needed",IF(AND(G15="Verified",I15=""),"Verified Date Needed","OK"))))) -> OK | L15: =IF(G15<>"Pending","",IF(J15="","",IF(J15>Masters!$B$20,"Overdue","Within SLA")))
... A17: DOC-0016 | B17: Candidate | C17: Sneha Singh | D17: Aadhaar Card | E17: 46242 | F17: Priya | G17: Verified | I17: 46242 | J17: =IF(G17="Pending",IF(E17="","",Masters!$B$21-E17),"") | K17: =IF(A17="","Missing Ref",IF(COUNTIF($A$2:$A$500,A17)>1,"Duplicate Ref",IF(OR(B17="",C17="",D17="",E17="",G17=""),"Missing Info",IF(AND(G17="Discrepancy",H17=""),"Remark Needed",IF(AND(G17="Verified",I17=""),"Verified Date Needed","OK"))))) -> OK | L17: =IF(G17<>"Pending","",IF(J17="","",IF(J17>Masters!$B$20,"Overdue","Within SLA")))
A18: DOC-0017 | B18: Candidate | D18: Experience Letter | E18: 46242 | F18: Priya | G18: Verified | I18: 46246 | J18: =IF(G18="Pending",IF(E18="","",Masters!$B$21-E18),"") | K18: =IF(A18="","Missing Ref",IF(COUNTIF($A$2:$A$500,A18)>1,"Duplicate Ref",IF(OR(B18="",C18="",D18="",E18="",G18=""),"Missing Info",IF(AND(G18="Discrepancy",H18=""),"Remark Needed",IF(AND(G18="Verified",I18=""),"Verified Date Needed","OK"))))) -> Missing Info | L18: =IF(G18<>"Pending","",IF(J18="","",IF(J18>Masters!$B$20,"Overdue","Within SLA")))
A19: DOC-0018 | B19: Candidate | C19: Aman Pandey | D19: Experience Letter | E19: 46243 | F19: Priya | G19: Verified | I19: 46245 | J19: =IF(G19="Pending",IF(E19="","",Masters!$B$21-E19),"") | K19: =IF(A19="","Missing Ref",IF(COUNTIF($A$2:$A$500,A19)>1,"Duplicate Ref",IF(OR(B19="",C19="",D19="",E19="",G19=""),"Missing Info",IF(AND(G19="Discrepancy",H19=""),"Remark Needed",IF(AND(G19="Verified",I19=""),"Verified Date Needed","OK"))))) -> OK | L19: =IF(G19<>"Pending","",IF(J19="","",IF(J19>Masters!$B$20,"Overdue","Within SLA")))
A20: DOC-0019 | B20: Client | C20: Shree Ganesh Traders | D20: GST Certificate | E20: 46244 | F20: Rahul | G20: Verified | I20: 46246 | J20: =IF(G20="Pending",IF(E20="","",Masters!$B$21-E20),"") | K20: =IF(A20="","Missing Ref",IF(COUNTIF($A$2:$A$500,A20)>1,"Duplicate Ref",IF(OR(B20="",C20="",D20="",E20="",G20=""),"Missing Info",IF(AND(G20="Discrepancy",H20=""),"Remark Needed",IF(AND(G20="Verified",I20=""),"Verified Date Needed","OK"))))) -> OK | L20: =IF(G20<>"Pending","",IF(J20="","",IF(J20>Masters!$B$20,"Overdue","Within SLA")))
A21: DOC-0020 | B21: Candidate | C21: Divya Tiwari | D21: Aadhaar Card | E21: 46244 | F21: Priya | G21: Discrepancy | H21: Unclear scan | J21: =IF(G21="Pending",IF(E21="","",Masters!$B$21-E21),"") | K21: =IF(A21="","Missing Ref",IF(COUNTIF($A$2:$A$500,A21)>1,"Duplicate Ref",IF(OR(B21="",C21="",D21="",E21="",G21=""),"Missing Info",IF(AND(G21="Discrepancy",H21=""),"Remark Needed",IF(AND(G21="Verified",I21=""),"Verified Date Needed","OK"))))) -> OK | L21: =IF(G21<>"Pending","",IF(J21="","",IF(J21>Masters!$B$20,"Overdue","Within SLA")))
A22: DOC-0021 | B22: Candidate | C22: Rohit Pandey | D22: PAN Card | E22: 46244 | F22: Priya | G22: Verified | I22: 46248 | J22: =IF(G22="Pending",IF(E22="","",Masters!$B$21-E22),"") | K22: =IF(A22="","Missing Ref",IF(COUNTIF($A$2:$A$500,A22)>1,"Duplicate Ref",IF(OR(B22="",C22="",D22="",E22="",G22=""),"Missing Info",IF(AND(G22="Discrepancy",H22=""),"Remark Needed",IF(AND(G22="Verified",I22=""),"Verified Date Needed","OK"))))) -> OK | L22: =IF(G22<>"Pending","",IF(J22="","",IF(J22>Masters!$B$20,"Overdue","Within SLA")))
A23: DOC-0022 | B23: Candidate | C23: Nisha Sharma | D23: PAN Card | E23: 46246 | F23: Rahul | G23: Verified | I23: 46248 | J23: =IF(G23="Pending",IF(E23="","",Masters!$B$21-E23),"") | K23: =IF(A23="","Missing Ref",IF(COUNTIF($A$2:$A$500,A23)>1,"Duplicate Ref",IF(OR(B23="",C23="",D23="",E23="",G23=""),"Missing Info",IF(AND(G23="Discrepancy",H23=""),"Remark Needed",IF(AND(G23="Verified",I23=""),"Verified Date Needed","OK"))))) -> OK | L23: =IF(G23<>"Pending","",IF(J23="","",IF(J23>Masters!$B$20,"Overdue","Within SLA")))
A24: DOC-0023 | B24: Candidate | C24: Gaurav Sharma | D24: Education Certificate | E24: 46247 | F24: Amit | G24: Verified | I24: 46249 | J24: =IF(G24="Pending",IF(E24="","",Masters!$B$21-E24),"") | K24: =IF(A24="","Missing Ref",IF(COUNTIF($A$2:$A$500,A24)>1,"Duplicate Ref",IF(OR(B24="",C24="",D24="",E24="",G24=""),"Missing Info",IF(AND(G24="Discrepancy",H24=""),"Remark Needed",IF(AND(G24="Verified",I24=""),"Verified Date Needed","OK"))))) -> OK | L24: =IF(G24<>"Pending","",IF(J24="","",IF(J24>Masters!$B$20,"Overdue","Within SLA")))
A25: DOC-0024 | B25: Candidate | C25: Tarun Tiwari | D25: Address Proof | E25: 46247 | F25: Amit | G25: Verified | I25: 46251 | J25: =IF(G25="Pending",IF(E25="","",Masters!$B$21-E25),"") | K25: =IF(A25="","Missing Ref",IF(COUNTIF($A$2:$A$500,A25)>1,"Duplicate Ref",IF(OR(B25="",C25="",D25="",E25="",G25=""),"Missing Info",IF(AND(G25="Discrepancy",H25=""),"Remark Needed",IF(AND(G25="Verified",I25=""),"Verified Date Needed","OK"))))) -> OK | L25: =IF(G25<>"Pending","",IF(J25="","",IF(J25>Masters!$B$20,"Overdue","Within SLA")))
A26: DOC-0025 | B26: Client | C26: Shree Ganesh Traders | D26: PAN Card | E26: 46247 | F26: Rahul | G26: Verified | I26: 46250 | J26: =IF(G26="Pending",IF(E26="","",Masters!$B$21-E26),"") | K26: =IF(A26="","Missing Ref",IF(COUNTIF($A$2:$A$500,A26)>1,"Duplicate Ref",IF(OR(B26="",C26="",D26="",E26="",G26=""),"Missing Info",IF(AND(G26="Discrepancy",H26=""),"Remark Needed",IF(AND(G26="Verified",I26=""),"Verified Date Needed","OK"))))) -> OK | L26: =IF(G26<>"Pending","",IF(J26="","",IF(J26>Masters!$B$20,"Overdue","Within SLA")))
A27: DOC-0026 | B27: Candidate | C27: Ritu Tiwari | D27: Experience Letter | E27: 46247 | F27: Priya | G27: Verified | I27: 46249 | J27: =IF(G27="Pending",IF(E27="","",Masters!$B$21-E27),"") | K27: =IF(A27="","Missing Ref",IF(COUNTIF($A$2:$A$500,A27)>1,"Duplicate Ref",IF(OR(B27="",C27="",D27="",E27="",G27=""),"Missing Info",IF(AND(G27="Discrepancy",H27=""),"Remark Needed",IF(AND(G27="Verified",I27=""),"Verified Date Needed","OK"))))) -> OK | L27: =IF(G27<>"Pending","",IF(J27="","",IF(J27>Masters!$B$20,"Overdue","Within SLA")))
A28: DOC-0027 | B28: Candidate | C28: Simran Yadav | D28: Aadhaar Card | E28: 46248 | F28: Amit | G28: Verified | I28: 46250 | J28: =IF(G28="Pending",IF(E28="","",Masters!$B$21-E28),"") | K28: =IF(A28="","Missing Ref",IF(COUNTIF($A$2:$A$500,A28)>1,"Duplicate Ref",IF(OR(B28="",C28="",D28="",E28="",G28=""),"Missing Info",IF(AND(G28="Discrepancy",H28=""),"Remark Needed",IF(AND(G28="Verified",I28=""),"Verified Date Needed","OK"))))) -> OK | L28: =IF(G28<>"Pending","",IF(J28="","",IF(J28>Masters!$B$20,"Overdue","Within SLA")))
A29: DOC-0028 | B29: Candidate | C29: Kavya Mishra | D29: Aadhaar Card | E29: 46248 | F29: Priya | G29: Verified | I29: 46249 | J29: =IF(G29="Pending",IF(E29="","",Masters!$B$21-E29),"") | K29: =IF(A29="","Missing Ref",IF(COUNTIF($A$2:$A$500,A29)>1,"Duplicate Ref",IF(OR(B29="",C29="",D29="",E29="",G29=""),"Missing Info",IF(AND(G29="Discrepancy",H29=""),"Remark Needed",IF(AND(G29="Verified",I29=""),"Verified Date Needed","OK"))))) -> OK | L29: =IF(G29<>"Pending","",IF(J29="","",IF(J29>Masters!$B$20,"Overdue","Within SLA")))
A30: DOC-0029 | B30: Client | C30: Apex Electronics | D30: PAN Card | E30: 46249 | F30: Priya | G30: Verified | I30: 46250 | J30: =IF(G30="Pending",IF(E30="","",Masters!$B$21-E30),"") | K30: =IF(A30="","Missing Ref",IF(COUNTIF($A$2:$A$500,A30)>1,"Duplicate Ref",IF(OR(B30="",C30="",D30="",E30="",G30=""),"Missing Info",IF(AND(G30="Discrepancy",H30=""),"Remark Needed",IF(AND(G30="Verified",I30=""),"Verified Date Needed","OK"))))) -> OK | L30: =IF(G30<>"Pending","",IF(J30="","",IF(J30>Masters!$B$20,"Overdue","Within SLA")))
A31: DOC-0030 | B31: Candidate | C31: Divya Tiwari | D31: Address Proof | E31: 46250 | F31: Amit | G31: Verified | I31: 46252 | J31: =IF(G31="Pending",IF(E31="","",Masters!$B$21-E31),"") | K31: =IF(A31="","Missing Ref",IF(COUNTIF($A$2:$A$500,A31)>1,"Duplicate Ref",IF(OR(B31="",C31="",D31="",E31="",G31=""),"Missing Info",IF(AND(G31="Discrepancy",H31=""),"Remark Needed",IF(AND(G31="Verified",I31=""),"Verified Date Needed","OK"))))) -> OK | L31: =IF(G31<>"Pending","",IF(J31="","",IF(J31>Masters!$B$20,"Overdue","Within SLA")))
A32: DOC-0031 | B32: Client | C32: Nova Home Appliances | D32: GST Certificate | E32: 46252 | F32: Priya | G32: Verified | I32: 46255 | J32: =IF(G32="Pending",IF(E32="","",Masters!$B$21-E32),"") | K32: =IF(A32="","Missing Ref",IF(COUNTIF($A$2:$A$500,A32)>1,"Duplicate Ref",IF(OR(B32="",C32="",D32="",E32="",G32=""),"Missing Info",IF(AND(G32="Discrepancy",H32=""),"Remark Needed",IF(AND(G32="Verified",I32=""),"Verified Date Needed","OK"))))) -> OK | L32: =IF(G32<>"Pending","",IF(J32="","",IF(J32>Masters!$B$20,"Overdue","Within SLA")))
A33: DOC-0032 | B33: Client | C33: Kailash Pharma | D33: Service Agreement | E33: 46252 | F33: Rahul | G33: Verified | I33: 46256 | J33: =IF(G33="Pending",IF(E33="","",Masters!$B$21-E33),"") | K33: =IF(A33="","Missing Ref",IF(COUNTIF($A$2:$A$500,A33)>1,"Duplicate Ref",IF(OR(B33="",C33="",D33="",E33="",G33=""),"Missing Info",IF(AND(G33="Discrepancy",H33=""),"Remark Needed",IF(AND(G33="Verified",I33=""),"Verified Date Needed","OK"))))) -> OK | L33: =IF(G33<>"Pending","",IF(J33="","",IF(J33>Masters!$B$20,"Overdue","Within SLA")))
... A38: DOC-0037 | B38: Client | C38: Kailash Pharma | D38: GST Certificate | E38: 46254 | F38: Rahul | G38: Verified | I38: 46256 | J38: =IF(G38="Pending",IF(E38="","",Masters!$B$21-E38),"") | K38: =IF(A38="","Missing Ref",IF(COUNTIF($A$2:$A$500,A38)>1,"Duplicate Ref",IF(OR(B38="",C38="",D38="",E38="",G38=""),"Missing Info",IF(AND(G38="Discrepancy",H38=""),"Remark Needed",IF(AND(G38="Verified",I38=""),"Verified Date Needed","OK"))))) -> OK | L38: =IF(G38<>"Pending","",IF(J38="","",IF(J38>Masters!$B$20,"Overdue","Within SLA")))
A39: DOC-0038 | B39: Candidate | C39: Deepak Kumar | D39: Aadhaar Card | E39: 46254 | G39: Pending | J39: =IF(G39="Pending",IF(E39="","",Masters!$B$21-E39),"") -> 30 | K39: =IF(A39="","Missing Ref",IF(COUNTIF($A$2:$A$500,A39)>1,"Duplicate Ref",IF(OR(B39="",C39="",D39="",E39="",G39=""),"Missing Info",IF(AND(G39="Discrepancy",H39=""),"Remark Needed",IF(AND(G39="Verified",I39=""),"Verified Date Needed","OK"))))) -> OK | L39: =IF(G39<>"Pending","",IF(J39="","",IF(J39>Masters!$B$20,"Overdue","Within SLA"))) -> Overdue
A40: DOC-0039 | B40: Candidate | C40: Manish Joshi | D40: Address Proof | E40: 46254 | F40: Priya | G40: Verified | I40: 46256 | J40: =IF(G40="Pending",IF(E40="","",Masters!$B$21-E40),"") | K40: =IF(A40="","Missing Ref",IF(COUNTIF($A$2:$A$500,A40)>1,"Duplicate Ref",IF(OR(B40="",C40="",D40="",E40="",G40=""),"Missing Info",IF(AND(G40="Discrepancy",H40=""),"Remark Needed",IF(AND(G40="Verified",I40=""),"Verified Date Needed","OK"))))) -> OK | L40: =IF(G40<>"Pending","",IF(J40="","",IF(J40>Masters!$B$20,"Overdue","Within SLA")))
A41: DOC-0040 | B41: Client | C41: Krishna Steel Works | D41: Service Agreement | E41: 46255 | F41: Rahul | G41: Verified | I41: 46258 | J41: =IF(G41="Pending",IF(E41="","",Masters!$B$21-E41),"") | K41: =IF(A41="","Missing Ref",IF(COUNTIF($A$2:$A$500,A41)>1,"Duplicate Ref",IF(OR(B41="",C41="",D41="",E41="",G41=""),"Missing Info",IF(AND(G41="Discrepancy",H41=""),"Remark Needed",IF(AND(G41="Verified",I41=""),"Verified Date Needed","OK"))))) -> OK | L41: =IF(G41<>"Pending","",IF(J41="","",IF(J41>Masters!$B$20,"Overdue","Within SLA")))
A42: DOC-0041 | B42: Client | C42: Sunrise Furniture | D42: Bank Details | E42: 46255 | F42: Amit | G42: Verified | I42: 46257 | J42: =IF(G42="Pending",IF(E42="","",Masters!$B$21-E42),"") | K42: =IF(A42="","Missing Ref",IF(COUNTIF($A$2:$A$500,A42)>1,"Duplicate Ref",IF(OR(B42="",C42="",D42="",E42="",G42=""),"Missing Info",IF(AND(G42="Discrepancy",H42=""),"Remark Needed",IF(AND(G42="Verified",I42=""),"Verified Date Needed","OK"))))) -> OK | L42: =IF(G42<>"Pending","",IF(J42="","",IF(J42>Masters!$B$20,"Overdue","Within SLA")))
A43: DOC-0042 | B43: Candidate | C43: Ritu Tiwari | D43: Education Certificate | E43: 46256 | F43: Rahul | G43: Verified | I43: 46259 | J43: =IF(G43="Pending",IF(E43="","",Masters!$B$21-E43),"") | K43: =IF(A43="","Missing Ref",IF(COUNTIF($A$2:$A$500,A43)>1,"Duplicate Ref",IF(OR(B43="",C43="",D43="",E43="",G43=""),"Missing Info",IF(AND(G43="Discrepancy",H43=""),"Remark Needed",IF(AND(G43="Verified",I43=""),"Verified Date Needed","OK"))))) -> OK | L43: =IF(G43<>"Pending","",IF(J43="","",IF(J43>Masters!$B$20,"Overdue","Within SLA")))
A44: DOC-0043 | B44: Client | C44: Krishna Steel Works | D44: GST Certificate | E44: 46257 | F44: Amit | G44: Verified | I44: 46260 | J44: =IF(G44="Pending",IF(E44="","",Masters!$B$21-E44),"") | K44: =IF(A44="","Missing Ref",IF(COUNTIF($A$2:$A$500,A44)>1,"Duplicate Ref",IF(OR(B44="",C44="",D44="",E44="",G44=""),"Missing Info",IF(AND(G44="Discrepancy",H44=""),"Remark Needed",IF(AND(G44="Verified",I44=""),"Verified Date Needed","OK"))))) -> OK | L44: =IF(G44<>"Pending","",IF(J44="","",IF(J44>Masters!$B$20,"Overdue","Within SLA")))
A45: DOC-0044 | B45: Candidate | C45: Nisha Sharma | D45: Experience Letter | E45: 46257 | F45: Amit | G45: Verified | I45: 46261 | J45: =IF(G45="Pending",IF(E45="","",Masters!$B$21-E45),"") | K45: =IF(A45="","Missing Ref",IF(COUNTIF($A$2:$A$500,A45)>1,"Duplicate Ref",IF(OR(B45="",C45="",D45="",E45="",G45=""),"Missing Info",IF(AND(G45="Discrepancy",H45=""),"Remark Needed",IF(AND(G45="Verified",I45=""),"Verified Date Needed","OK"))))) -> OK | L45: =IF(G45<>"Pending","",IF(J45="","",IF(J45>Masters!$B$20,"Overdue","Within SLA")))
A46: DOC-0045 | B46: Client | C46: Metro Fabrics Pvt Ltd | D46: GST Certificate | E46: 46257 | F46: Amit | G46: Verified | I46: 46257 | J46: =IF(G46="Pending",IF(E46="","",Masters!$B$21-E46),"") | K46: =IF(A46="","Missing Ref",IF(COUNTIF($A$2:$A$500,A46)>1,"Duplicate Ref",IF(OR(B46="",C46="",D46="",E46="",G46=""),"Missing Info",IF(AND(G46="Discrepancy",H46=""),"Remark Needed",IF(AND(G46="Verified",I46=""),"Verified Date Needed","OK"))))) -> OK | L46: =IF(G46<>"Pending","",IF(J46="","",IF(J46>Masters!$B$20,"Overdue","Within SLA")))
A47: DOC-0046 | B47: Client | C47: Krishna Steel Works | D47: PAN Card | E47: 46257 | F47: Amit | G47: Verified | I47: 46259 | J47: =IF(G47="Pending",IF(E47="","",Masters!$B$21-E47),"") | K47: =IF(A47="","Missing Ref",IF(COUNTIF($A$2:$A$500,A47)>1,"Duplicate Ref",IF(OR(B47="",C47="",D47="",E47="",G47=""),"Missing Info",IF(AND(G47="Discrepancy",H47=""),"Remark Needed",IF(AND(G47="Verified",I47=""),"Verified Date Needed","OK"))))) -> OK | L47: =IF(G47<>"Pending","",IF(J47="","",IF(J47>Masters!$B$20,"Overdue","Within SLA")))
A48: DOC-0047 | B48: Client | C48: Apex Electronics | D48: GST Certificate | E48: 46258 | F48: Amit | G48: Verified | I48: 46259 | J48: =IF(G48="Pending",IF(E48="","",Masters!$B$21-E48),"") | K48: =IF(A48="","Missing Ref",IF(COUNTIF($A$2:$A$500,A48)>1,"Duplicate Ref",IF(OR(B48="",C48="",D48="",E48="",G48=""),"Missing Info",IF(AND(G48="Discrepancy",H48=""),"Remark Needed",IF(AND(G48="Verified",I48=""),"Verified Date Needed","OK"))))) -> OK | L48: =IF(G48<>"Pending","",IF(J48="","",IF(J48>Masters!$B$20,"Overdue","Within SLA")))
A49: DOC-0048 | B49: Candidate | C49: Gaurav Sharma | D49: Address Proof | E49: 46258 | G49: Pending | J49: =IF(G49="Pending",IF(E49="","",Masters!$B$21-E49),"") -> 26 | K49: =IF(A49="","Missing Ref",IF(COUNTIF($A$2:$A$500,A49)>1,"Duplicate Ref",IF(OR(B49="",C49="",D49="",E49="",G49=""),"Missing Info",IF(AND(G49="Discrepancy",H49=""),"Remark Needed",IF(AND(G49="Verified",I49=""),"Verified Date Needed","OK"))))) -> OK | L49: =IF(G49<>"Pending","",IF(J49="","",IF(J49>Masters!$B$20,"Overdue","Within SLA"))) -> Overdue
A50: DOC-0049 | B50: Candidate | C50: Neha Pandey | D50: Education Certificate | E50: 46258 | F50: Rahul | G50: Verified | I50: 46258 | J50: =IF(G50="Pending",IF(E50="","",Masters!$B$21-E50),"") | K50: =IF(A50="","Missing Ref",IF(COUNTIF($A$2:$A$500,A50)>1,"Duplicate Ref",IF(OR(B50="",C50="",D50="",E50="",G50=""),"Missing Info",IF(AND(G50="Discrepancy",H50=""),"Remark Needed",IF(AND(G50="Verified",I50=""),"Verified Date Needed","OK"))))) -> Duplicate Ref | L50: =IF(G50<>"Pending","",IF(J50="","",IF(J50>Masters!$B$20,"Overdue","Within SLA")))
A51: DOC-0050 | B51: Candidate | C51: Karan Verma | D51: Experience Letter | E51: 46258 | G51: Pending | J51: =IF(G51="Pending",IF(E51="","",Masters!$B$21-E51),"") -> 26 | K51: =IF(A51="","Missing Ref",IF(COUNTIF($A$2:$A$500,A51)>1,"Duplicate Ref",IF(OR(B51="",C51="",D51="",E51="",G51=""),"Missing Info",IF(AND(G51="Discrepancy",H51=""),"Remark Needed",IF(AND(G51="Verified",I51=""),"Verified Date Needed","OK"))))) -> OK | L51: =IF(G51<>"Pending","",IF(J51="","",IF(J51>Masters!$B$20,"Overdue","Within SLA"))) -> Overdue
A52: DOC-0051 | B52: Client | C52: Sharma Agro Foods | D52: GST Certificate | E52: 46259 | F52: Priya | G52: Verified | I52: 46263 | J52: =IF(G52="Pending",IF(E52="","",Masters!$B$21-E52),"") | K52: =IF(A52="","Missing Ref",IF(COUNTIF($A$2:$A$500,A52)>1,"Duplicate Ref",IF(OR(B52="",C52="",D52="",E52="",G52=""),"Missing Info",IF(AND(G52="Discrepancy",H52=""),"Remark Needed",IF(AND(G52="Verified",I52=""),"Verified Date Needed","OK"))))) -> OK | L52: =IF(G52<>"Pending","",IF(J52="","",IF(J52>Masters!$B$20,"Overdue","Within SLA")))
A53: DOC-0052 | B53: Client | C53: Kailash Pharma | D53: Bank Details | E53: 46259 | F53: Rahul | G53: Discrepancy | J53: =IF(G53="Pending",IF(E53="","",Masters!$B$21-E53),"") | K53: =IF(A53="","Missing Ref",IF(COUNTIF($A$2:$A$500,A53)>1,"Duplicate Ref",IF(OR(B53="",C53="",D53="",E53="",G53=""),"Missing Info",IF(AND(G53="Discrepancy",H53=""),"Remark Needed",IF(AND(G53="Verified",I53=""),"Verified Date Needed","OK"))))) -> Remark Needed | L53: =IF(G53<>"Pending","",IF(J53="","",IF(J53>Masters!$B$20,"Overdue","Within SLA")))
A54: DOC-0053 | B54: Candidate | C54: Vikas Mishra | D54: Education Certificate | E54: 46260 | F54: Rahul | G54: Verified | I54: 46260 | J54: =IF(G54="Pending",IF(E54="","",Masters!$B$21-E54),"") | K54: =IF(A54="","Missing Ref",IF(COUNTIF($A$2:$A$500,A54)>1,"Duplicate Ref",IF(OR(B54="",C54="",D54="",E54="",G54=""),"Missing Info",IF(AND(G54="Discrepancy",H54=""),"Remark Needed",IF(AND(G54="Verified",I54=""),"Verified Date Needed","OK"))))) -> OK | L54: =IF(G54<>"Pending","",IF(J54="","",IF(J54>Masters!$B$20,"Overdue","Within SLA")))
A55: DOC-0054 | B55: Client | C55: Delta Packaging | D55: PAN Card | E55: 46260 | G55: Pending | J55: =IF(G55="Pending",IF(E55="","",Masters!$B$21-E55),"") -> 24 | K55: =IF(A55="","Missing Ref",IF(COUNTIF($A$2:$A$500,A55)>1,"Duplicate Ref",IF(OR(B55="",C55="",D55="",E55="",G55=""),"Missing Info",IF(AND(G55="Discrepancy",H55=""),"Remark Needed",IF(AND(G55="Verified",I55=""),"Verified Date Needed","OK"))))) -> OK | L55: =IF(G55<>"Pending","",IF(J55="","",IF(J55>Masters!$B$20,"Overdue","Within SLA"))) -> Overdue
A56: DOC-0055 | B56: Candidate | C56: Kavya Mishra | D56: Experience Letter | E56: 46260 | G56: Pending | J56: =IF(G56="Pending",IF(E56="","",Masters!$B$21-E56),"") -> 24 | K56: =IF(A56="","Missing Ref",IF(COUNTIF($A$2:$A$500,A56)>1,"Duplicate Ref",IF(OR(B56="",C56="",D56="",E56="",G56=""),"Missing Info",IF(AND(G56="Discrepancy",H56=""),"Remark Needed",IF(AND(G56="Verified",I56=""),"Verified Date Needed","OK"))))) -> OK | L56: =IF(G56<>"Pending","",IF(J56="","",IF(J56>Masters!$B$20,"Overdue","Within SLA"))) -> Overdue
A57: DOC-0056 | B57: Candidate | C57: Kavya Mishra | D57: Education Certificate | E57: 46260 | F57: Priya | G57: Verified | I57: 46262 | J57: =IF(G57="Pending",IF(E57="","",Masters!$B$21-E57),"") | K57: =IF(A57="","Missing Ref",IF(COUNTIF($A$2:$A$500,A57)>1,"Duplicate Ref",IF(OR(B57="",C57="",D57="",E57="",G57=""),"Missing Info",IF(AND(G57="Discrepancy",H57=""),"Remark Needed",IF(AND(G57="Verified",I57=""),"Verified Date Needed","OK"))))) -> OK | L57: =IF(G57<>"Pending","",IF(J57="","",IF(J57>Masters!$B$20,"Overdue","Within SLA")))
A58: DOC-0057 | B58: Candidate | C58: Sneha Singh | D58: Experience Letter | E58: 46260 | G58: Pending | J58: =IF(G58="Pending",IF(E58="","",Masters!$B$21-E58),"") -> 24 | K58: =IF(A58="","Missing Ref",IF(COUNTIF($A$2:$A$500,A58)>1,"Duplicate Ref",IF(OR(B58="",C58="",D58="",E58="",G58=""),"Missing Info",IF(AND(G58="Discrepancy",H58=""),"Remark Needed",IF(AND(G58="Verified",I58=""),"Verified Date Needed","OK"))))) -> OK | L58: =IF(G58<>"Pending","",IF(J58="","",IF(J58>Masters!$B$20,"Overdue","Within SLA"))) -> Overdue
A59: DOC-0058 | B59: Client | C59: Nova Home Appliances | D59: PAN Card | E59: 46260 | F59: Priya | G59: Verified | I59: 46263 | J59: =IF(G59="Pending",IF(E59="","",Masters!$B$21-E59),"") | K59: =IF(A59="","Missing Ref",IF(COUNTIF($A$2:$A$500,A59)>1,"Duplicate Ref",IF(OR(B59="",C59="",D59="",E59="",G59=""),"Missing Info",IF(AND(G59="Discrepancy",H59=""),"Remark Needed",IF(AND(G59="Verified",I59=""),"Verified Date Needed","OK"))))) -> OK | L59: =IF(G59<>"Pending","",IF(J59="","",IF(J59>Masters!$B$20,"Overdue","Within SLA")))
A60: DOC-0059 | B60: Candidate | C60: Ritu Tiwari | D60: PAN Card | E60: 46260 | F60: Priya | G60: Verified | I60: 46263 | J60: =IF(G60="Pending",IF(E60="","",Masters!$B$21-E60),"") | K60: =IF(A60="","Missing Ref",IF(COUNTIF($A$2:$A$500,A60)>1,"Duplicate Ref",IF(OR(B60="",C60="",D60="",E60="",G60=""),"Missing Info",IF(AND(G60="Discrepancy",H60=""),"Remark Needed",IF(AND(G60="Verified",I60=""),"Verified Date Needed","OK"))))) -> OK | L60: =IF(G60<>"Pending","",IF(J60="","",IF(J60>Masters!$B$20,"Overdue","Within SLA")))
A61: DOC-0060 | B61: Client | C61: Sunrise Furniture | D61: Service Agreement | E61: 46260 | F61: Rahul | G61: Verified | I61: 46264 | J61: =IF(G61="Pending",IF(E61="","",Masters!$B$21-E61),"") | K61: =IF(A61="","Missing Ref",IF(COUNTIF($A$2:$A$500,A61)>1,"Duplicate Ref",IF(OR(B61="",C61="",D61="",E61="",G61=""),"Missing Info",IF(AND(G61="Discrepancy",H61=""),"Remark Needed",IF(AND(G61="Verified",I61=""),"Verified Date Needed","OK"))))) -> OK | L61: =IF(G61<>"Pending","",IF(J61="","",IF(J61>Masters!$B$20,"Overdue","Within SLA")))
A62: DOC-0061 | B62: Client | D62: Service Agreement | E62: 46261 | F62: Amit | G62: Verified | I62: 46264 | J62: =IF(G62="Pending",IF(E62="","",Masters!$B$21-E62),"") | K62: =IF(A62="","Missing Ref",IF(COUNTIF($A$2:$A$500,A62)>1,"Duplicate Ref",IF(OR(B62="",C62="",D62="",E62="",G62=""),"Missing Info",IF(AND(G62="Discrepancy",H62=""),"Remark Needed",IF(AND(G62="Verified",I62=""),"Verified Date Needed","OK"))))) -> Missing Info | L62: =IF(G62<>"Pending","",IF(J62="","",IF(J62>Masters!$B$20,"Overdue","Within SLA")))
A63: DOC-0062 | B63: Client | C63: Krishna Steel Works | D63: Bank Details | E63: 46261 | F63: Amit | G63: Verified | I63: 46265 | J63: =IF(G63="Pending",IF(E63="","",Masters!$B$21-E63),"") | K63: =IF(A63="","Missing Ref",IF(COUNTIF($A$2:$A$500,A63)>1,"Duplicate Ref",IF(OR(B63="",C63="",D63="",E63="",G63=""),"Missing Info",IF(AND(G63="Discrepancy",H63=""),"Remark Needed",IF(AND(G63="Verified",I63=""),"Verified Date Needed","OK"))))) -> OK | L63: =IF(G63<>"Pending","",IF(J63="","",IF(J63>Masters!$B$20,"Overdue","Within SLA")))
A64: DOC-0063 | B64: Candidate | C64: Pooja Kumar | D64: PAN Card | E64: 46261 | F64: Rahul | G64: Verified | I64: 46265 | J64: =IF(G64="Pending",IF(E64="","",Masters!$B$21-E64),"") | K64: =IF(A64="","Missing Ref",IF(COUNTIF($A$2:$A$500,A64)>1,"Duplicate Ref",IF(OR(B64="",C64="",D64="",E64="",G64=""),"Missing Info",IF(AND(G64="Discrepancy",H64=""),"Remark Needed",IF(AND(G64="Verified",I64=""),"Verified Date Needed","OK"))))) -> OK | L64: =IF(G64<>"Pending","",IF(J64="","",IF(J64>Masters!$B$20,"Overdue","Within SLA")))
A65: DOC-0049 | B65: Candidate | C65: Vikas Mishra | D65: PAN Card | E65: 46262 | F65: Rahul | G65: Verified | I65: 46264 | J65: =IF(G65="Pending",IF(E65="","",Masters!$B$21-E65),"") | K65: =IF(A65="","Missing Ref",IF(COUNTIF($A$2:$A$500,A65)>1,"Duplicate Ref",IF(OR(B65="",C65="",D65="",E65="",G65=""),"Missing Info",IF(AND(G65="Discrepancy",H65=""),"Remark Needed",IF(AND(G65="Verified",I65=""),"Verified Date Needed","OK"))))) -> Duplicate Ref | L65: =IF(G65<>"Pending","",IF(J65="","",IF(J65>Masters!$B$20,"Overdue","Within SLA")))
A66: DOC-0065 | B66: Candidate | C66: Arjun Verma | D66: Education Certificate | E66: 46262 | F66: Amit | G66: Verified | I66: 46264 | J66: =IF(G66="Pending",IF(E66="","",Masters!$B$21-E66),"") | K66: =IF(A66="","Missing Ref",IF(COUNTIF($A$2:$A$500,A66)>1,"Duplicate Ref",IF(OR(B66="",C66="",D66="",E66="",G66=""),"Missing Info",IF(AND(G66="Discrepancy",H66=""),"Remark Needed",IF(AND(G66="Verified",I66=""),"Verified Date Needed","OK"))))) -> OK | L66: =IF(G66<>"Pending","",IF(J66="","",IF(J66>Masters!$B$20,"Overdue","Within SLA")))
A67: DOC-0066 | B67: Client | C67: Bharat Auto Components | D67: PAN Card | E67: 46263 | F67: Rahul | G67: Verified | I67: 46267 | J67: =IF(G67="Pending",IF(E67="","",Masters!$B$21-E67),"") | K67: =IF(A67="","Missing Ref",IF(COUNTIF($A$2:$A$500,A67)>1,"Duplicate Ref",IF(OR(B67="",C67="",D67="",E67="",G67=""),"Missing Info",IF(AND(G67="Discrepancy",H67=""),"Remark Needed",IF(AND(G67="Verified",I67=""),"Verified Date Needed","OK"))))) -> OK | L67: =IF(G67<>"Pending","",IF(J67="","",IF(J67>Masters!$B$20,"Overdue","Within SLA")))
A68: DOC-0067 | B68: Candidate | C68: Neha Pandey | D68: Experience Letter | E68: 46263 | F68: Priya | G68: Discrepancy | J68: =IF(G68="Pending",IF(E68="","",Masters!$B$21-E68),"") | K68: =IF(A68="","Missing Ref",IF(COUNTIF($A$2:$A$500,A68)>1,"Duplicate Ref",IF(OR(B68="",C68="",D68="",E68="",G68=""),"Missing Info",IF(AND(G68="Discrepancy",H68=""),"Remark Needed",IF(AND(G68="Verified",I68=""),"Verified Date Needed","OK"))))) -> Remark Needed | L68: =IF(G68<>"Pending","",IF(J68="","",IF(J68>Masters!$B$20,"Overdue","Within SLA")))
A69: DOC-0068 | B69: Client | C69: Apex Electronics | D69: Bank Details | E69: 46263 | G69: Pending | J69: =IF(G69="Pending",IF(E69="","",Masters!$B$21-E69),"") -> 21 | K69: =IF(A69="","Missing Ref",IF(COUNTIF($A$2:$A$500,A69)>1,"Duplicate Ref",IF(OR(B69="",C69="",D69="",E69="",G69=""),"Missing Info",IF(AND(G69="Discrepancy",H69=""),"Remark Needed",IF(AND(G69="Verified",I69=""),"Verified Date Needed","OK"))))) -> OK | L69: =IF(G69<>"Pending","",IF(J69="","",IF(J69>Masters!$B$20,"Overdue","Within SLA"))) -> Overdue
A70: DOC-0069 | B70: Candidate | C70: Gaurav Sharma | D70: PAN Card | E70: 46264 | F70: Rahul | G70: Verified | I70: 46266 | J70: =IF(G70="Pending",IF(E70="","",Masters!$B$21-E70),"") | K70: =IF(A70="","Missing Ref",IF(COUNTIF($A$2:$A$500,A70)>1,"Duplicate Ref",IF(OR(B70="",C70="",D70="",E70="",G70=""),"Missing Info",IF(AND(G70="Discrepancy",H70=""),"Remark Needed",IF(AND(G70="Verified",I70=""),"Verified Date Needed","OK"))))) -> OK | L70: =IF(G70<>"Pending","",IF(J70="","",IF(J70>Masters!$B$20,"Overdue","Within SLA")))
A71: DOC-0070 | B71: Candidate | C71: Divya Tiwari | D71: PAN Card | E71: 46265 | F71: Rahul | G71: Verified | J71: =IF(G71="Pending",IF(E71="","",Masters!$B$21-E71),"") | K71: =IF(A71="","Missing Ref",IF(COUNTIF($A$2:$A$500,A71)>1,"Duplicate Ref",IF(OR(B71="",C71="",D71="",E71="",G71=""),"Missing Info",IF(AND(G71="Discrepancy",H71=""),"Remark Needed",IF(AND(G71="Verified",I71=""),"Verified Date Needed","OK"))))) -> Verified Date Needed | L71: =IF(G71<>"Pending","",IF(J71="","",IF(J71>Masters!$B$20,"Overdue","Within SLA")))
A72: DOC-0071 | B72: Candidate | C72: Ritu Tiwari | D72: Aadhaar Card | E72: 46265 | F72: Amit | G72: Discrepancy | H72: Unclear scan | J72: =IF(G72="Pending",IF(E72="","",Masters!$B$21-E72),"") | K72: =IF(A72="","Missing Ref",IF(COUNTIF($A$2:$A$500,A72)>1,"Duplicate Ref",IF(OR(B72="",C72="",D72="",E72="",G72=""),"Missing Info",IF(AND(G72="Discrepancy",H72=""),"Remark Needed",IF(AND(G72="Verified",I72=""),"Verified Date Needed","OK"))))) -> OK | L72: =IF(G72<>"Pending","",IF(J72="","",IF(J72>Masters!$B$20,"Overdue","Within SLA")))
A73: DOC-0072 | B73: Client | C73: Bharat Auto Components | D73: Service Agreement | E73: 46266 | F73: Priya | G73: Verified | I73: 46267 | J73: =IF(G73="Pending",IF(E73="","",Masters!$B$21-E73),"") | K73: =IF(A73="","Missing Ref",IF(COUNTIF($A$2:$A$500,A73)>1,"Duplicate Ref",IF(OR(B73="",C73="",D73="",E73="",G73=""),"Missing Info",IF(AND(G73="Discrepancy",H73=""),"Remark Needed",IF(AND(G73="Verified",I73=""),"Verified Date Needed","OK"))))) -> OK | L73: =IF(G73<>"Pending","",IF(J73="","",IF(J73>Masters!$B$20,"Overdue","Within SLA")))
A74: DOC-0073 | B74: Candidate | C74: Neha Pandey | D74: PAN Card | E74: 46266 | F74: Rahul | G74: Discrepancy | J74: =IF(G74="Pending",IF(E74="","",Masters!$B$21-E74),"") | K74: =IF(A74="","Missing Ref",IF(COUNTIF($A$2:$A$500,A74)>1,"Duplicate Ref",IF(OR(B74="",C74="",D74="",E74="",G74=""),"Missing Info",IF(AND(G74="Discrepancy",H74=""),"Remark Needed",IF(AND(G74="Verified",I74=""),"Verified Date Needed","OK"))))) -> Remark Needed | L74: =IF(G74<>"Pending","",IF(J74="","",IF(J74>Masters!$B$20,"Overdue","Within SLA")))
A75: DOC-0074 | B75: Candidate | C75: Sahil Tiwari | D75: Aadhaar Card | E75: 46266 | F75: Rahul | G75: Verified | I75: 46270 | J75: =IF(G75="Pending",IF(E75="","",Masters!$B$21-E75),"") | K75: =IF(A75="","Missing Ref",IF(COUNTIF($A$2:$A$500,A75)>1,"Duplicate Ref",IF(OR(B75="",C75="",D75="",E75="",G75=""),"Missing Info",IF(AND(G75="Discrepancy",H75=""),"Remark Needed",IF(AND(G75="Verified",I75=""),"Verified Date Needed","OK"))))) -> OK | L75: =IF(G75<>"Pending","",IF(J75="","",IF(J75>Masters!$B$20,"Overdue","Within SLA")))
A76: DOC-0075 | B76: Candidate | C76: Anjali Sharma | D76: Experience Letter | E76: 46267 | F76: Amit | G76: Verified | I76: 46269 | J76: =IF(G76="Pending",IF(E76="","",Masters!$B$21-E76),"") | K76: =IF(A76="","Missing Ref",IF(COUNTIF($A$2:$A$500,A76)>1,"Duplicate Ref",IF(OR(B76="",C76="",D76="",E76="",G76=""),"Missing Info",IF(AND(G76="Discrepancy",H76=""),"Remark Needed",IF(AND(G76="Verified",I76=""),"Verified Date Needed","OK"))))) -> OK | L76: =IF(G76<>"Pending","",IF(J76="","",IF(J76>Masters!$B$20,"Overdue","Within SLA")))
A77: DOC-0076 | B77: Candidate | C77: Vikas Mishra | D77: Experience Letter | E77: 46267 | F77: Priya | G77: Discrepancy | H77: Details incomplete | J77: =IF(G77="Pending",IF(E77="","",Masters!$B$21-E77),"") | K77: =IF(A77="","Missing Ref",IF(COUNTIF($A$2:$A$500,A77)>1,"Duplicate Ref",IF(OR(B77="",C77="",D77="",E77="",G77=""),"Missing Info",IF(AND(G77="Discrepancy",H77=""),"Remark Needed",IF(AND(G77="Verified",I77=""),"Verified Date Needed","OK"))))) -> OK | L77: =IF(G77<>"Pending","",IF(J77="","",IF(J77>Masters!$B$20,"Overdue","Within SLA")))
A78: DOC-0077 | B78: Client | C78: Apex Electronics | E78: 46268 | F78: Rahul | G78: Verified | I78: 46272 | J78: =IF(G78="Pending",IF(E78="","",Masters!$B$21-E78),"") | K78: =IF(A78="","Missing Ref",IF(COUNTIF($A$2:$A$500,A78)>1,"Duplicate Ref",IF(OR(B78="",C78="",D78="",E78="",G78=""),"Missing Info",IF(AND(G78="Discrepancy",H78=""),"Remark Needed",IF(AND(G78="Verified",I78=""),"Verified Date Needed","OK"))))) -> Missing Info | L78: =IF(G78<>"Pending","",IF(J78="","",IF(J78>Masters!$B$20,"Overdue","Within SLA")))
A79: DOC-0078 | B79: Candidate | C79: Simran Yadav | D79: Education Certificate | E79: 46268 | F79: Rahul | G79: Verified | I79: 46271 | J79: =IF(G79="Pending",IF(E79="","",Masters!$B$21-E79),"") | K79: =IF(A79="","Missing Ref",IF(COUNTIF($A$2:$A$500,A79)>1,"Duplicate Ref",IF(OR(B79="",C79="",D79="",E79="",G79=""),"Missing Info",IF(AND(G79="Discrepancy",H79=""),"Remark Needed",IF(AND(G79="Verified",I79=""),"Verified Date Needed","OK"))))) -> OK | L79: =IF(G79<>"Pending","",IF(J79="","",IF(J79>Masters!$B$20,"Overdue","Within SLA")))
A80: DOC-0079 | B80: Candidate | C80: Sneha Singh | D80: Address Proof | E80: 46268 | F80: Priya | G80: Verified | I80: 46271 | J80: =IF(G80="Pending",IF(E80="","",Masters!$B$21-E80),"") | K80: =IF(A80="","Missing Ref",IF(COUNTIF($A$2:$A$500,A80)>1,"Duplicate Ref",IF(OR(B80="",C80="",D80="",E80="",G80=""),"Missing Info",IF(AND(G80="Discrepancy",H80=""),"Remark Needed",IF(AND(G80="Verified",I80=""),"Verified Date Needed","OK"))))) -> OK | L80: =IF(G80<>"Pending","",IF(J80="","",IF(J80>Masters!$B$20,"Overdue","Within SLA")))
A81: DOC-0080 | B81: Client | C81: Sunrise Furniture | D81: PAN Card | E81: 46268 | F81: Priya | G81: Verified | I81: 46272 | J81: =IF(G81="Pending",IF(E81="","",Masters!$B$21-E81),"") | K81: =IF(A81="","Missing Ref",IF(COUNTIF($A$2:$A$500,A81)>1,"Duplicate Ref",IF(OR(B81="",C81="",D81="",E81="",G81=""),"Missing Info",IF(AND(G81="Discrepancy",H81=""),"Remark Needed",IF(AND(G81="Verified",I81=""),"Verified Date Needed","OK"))))) -> OK | L81: =IF(G81<>"Pending","",IF(J81="","",IF(J81>Masters!$B$20,"Overdue","Within SLA")))
A82: DOC-0081 | B82: Candidate | C82: Kavya Mishra | D82: Address Proof | E82: 46269 | F82: Rahul | G82: Verified | I82: 46272 | J82: =IF(G82="Pending",IF(E82="","",Masters!$B$21-E82),"") | K82: =IF(A82="","Missing Ref",IF(COUNTIF($A$2:$A$500,A82)>1,"Duplicate Ref",IF(OR(B82="",C82="",D82="",E82="",G82=""),"Missing Info",IF(AND(G82="Discrepancy",H82=""),"Remark Needed",IF(AND(G82="Verified",I82=""),"Verified Date Needed","OK"))))) -> OK | L82: =IF(G82<>"Pending","",IF(J82="","",IF(J82>Masters!$B$20,"Overdue","Within SLA")))
A83: DOC-0082 | B83: Candidate | C83: Arjun Verma | D83: Experience Letter | E83: 46269 | F83: Rahul | G83: Verified | I83: 46271 | J83: =IF(G83="Pending",IF(E83="","",Masters!$B$21-E83),"") | K83: =IF(A83="","Missing Ref",IF(COUNTIF($A$2:$A$500,A83)>1,"Duplicate Ref",IF(OR(B83="",C83="",D83="",E83="",G83=""),"Missing Info",IF(AND(G83="Discrepancy",H83=""),"Remark Needed",IF(AND(G83="Verified",I83=""),"Verified Date Needed","OK"))))) -> OK | L83: =IF(G83<>"Pending","",IF(J83="","",IF(J83>Masters!$B$20,"Overdue","Within SLA")))
A84: DOC-0083 | B84: Candidate | C84: Aman Pandey | D84: Address Proof | E84: 46269 | F84: Amit | G84: Verified | I84: 46272 | J84: =IF(G84="Pending",IF(E84="","",Masters!$B$21-E84),"") | K84: =IF(A84="","Missing Ref",IF(COUNTIF($A$2:$A$500,A84)>1,"Duplicate Ref",IF(OR(B84="",C84="",D84="",E84="",G84=""),"Missing Info",IF(AND(G84="Discrepancy",H84=""),"Remark Needed",IF(AND(G84="Verified",I84=""),"Verified Date Needed","OK"))))) -> OK | L84: =IF(G84<>"Pending","",IF(J84="","",IF(J84>Masters!$B$20,"Overdue","Within SLA")))
A85: DOC-0084 | B85: Client | C85: Shree Ganesh Traders | D85: Bank Details | E85: 46269 | F85: Priya | G85: Discrepancy | H85: Unclear scan | J85: =IF(G85="Pending",IF(E85="","",Masters!$B$21-E85),"") | K85: =IF(A85="","Missing Ref",IF(COUNTIF($A$2:$A$500,A85)>1,"Duplicate Ref",IF(OR(B85="",C85="",D85="",E85="",G85=""),"Missing Info",IF(AND(G85="Discrepancy",H85=""),"Remark Needed",IF(AND(G85="Verified",I85=""),"Verified Date Needed","OK"))))) -> OK | L85: =IF(G85<>"Pending","",IF(J85="","",IF(J85>Masters!$B$20,"Overdue","Within SLA")))
A86: DOC-0085 | B86: Candidate | C86: Isha Singh | D86: PAN Card | E86: 46273 | F86: Rahul | G86: Verified | I86: 46274 | J86: =IF(G86="Pending",IF(E86="","",Masters!$B$21-E86),"") | K86: =IF(A86="","Missing Ref",IF(COUNTIF($A$2:$A$500,A86)>1,"Duplicate Ref",IF(OR(B86="",C86="",D86="",E86="",G86=""),"Missing Info",IF(AND(G86="Discrepancy",H86=""),"Remark Needed",IF(AND(G86="Verified",I86=""),"Verified Date Needed","OK"))))) -> OK | L86: =IF(G86<>"Pending","",IF(J86="","",IF(J86>Masters!$B$20,"Overdue","Within SLA")))
A87: DOC-0086 | B87: Candidate | C87: Manish Joshi | D87: Experience Letter | E87: 46273 | G87: Pending | J87: =IF(G87="Pending",IF(E87="","",Masters!$B$21-E87),"") -> 11 | K87: =IF(A87="","Missing Ref",IF(COUNTIF($A$2:$A$500,A87)>1,"Duplicate Ref",IF(OR(B87="",C87="",D87="",E87="",G87=""),"Missing Info",IF(AND(G87="Discrepancy",H87=""),"Remark Needed",IF(AND(G87="Verified",I87=""),"Verified Date Needed","OK"))))) -> OK | L87: =IF(G87<>"Pending","",IF(J87="","",IF(J87>Masters!$B$20,"Overdue","Within SLA"))) -> Overdue
A88: DOC-0087 | B88: Candidate | C88: Tarun Tiwari | D88: Aadhaar Card | E88: 46273 | F88: Rahul | G88: Verified | I88: 46273 | J88: =IF(G88="Pending",IF(E88="","",Masters!$B$21-E88),"") | K88: =IF(A88="","Missing Ref",IF(COUNTIF($A$2:$A$500,A88)>1,"Duplicate Ref",IF(OR(B88="",C88="",D88="",E88="",G88=""),"Missing Info",IF(AND(G88="Discrepancy",H88=""),"Remark Needed",IF(AND(G88="Verified",I88=""),"Verified Date Needed","OK"))))) -> OK | L88: =IF(G88<>"Pending","",IF(J88="","",IF(J88>Masters!$B$20,"Overdue","Within SLA")))
A89: DOC-0088 | B89: Candidate | C89: Aman Pandey | D89: PAN Card | E89: 46273 | F89: Rahul | G89: Verified | I89: 46277 | J89: =IF(G89="Pending",IF(E89="","",Masters!$B$21-E89),"") | K89: =IF(A89="","Missing Ref",IF(COUNTIF($A$2:$A$500,A89)>1,"Duplicate Ref",IF(OR(B89="",C89="",D89="",E89="",G89=""),"Missing Info",IF(AND(G89="Discrepancy",H89=""),"Remark Needed",IF(AND(G89="Verified",I89=""),"Verified Date Needed","OK"))))) -> OK | L89: =IF(G89<>"Pending","",IF(J89="","",IF(J89>Masters!$B$20,"Overdue","Within SLA")))
A90: DOC-0089 | B90: Candidate | C90: Isha Singh | D90: Address Proof | E90: 46274 | G90: Pending | J90: =IF(G90="Pending",IF(E90="","",Masters!$B$21-E90),"") -> 10 | K90: =IF(A90="","Missing Ref",IF(COUNTIF($A$2:$A$500,A90)>1,"Duplicate Ref",IF(OR(B90="",C90="",D90="",E90="",G90=""),"Missing Info",IF(AND(G90="Discrepancy",H90=""),"Remark Needed",IF(AND(G90="Verified",I90=""),"Verified Date Needed","OK"))))) -> OK | L90: =IF(G90<>"Pending","",IF(J90="","",IF(J90>Masters!$B$20,"Overdue","Within SLA"))) -> Overdue
A91: DOC-0090 | B91: Client | C91: Delta Packaging | D91: Bank Details | E91: 46274 | F91: Priya | G91: Verified | I91: 46278 | J91: =IF(G91="Pending",IF(E91="","",Masters!$B$21-E91),"") | K91: =IF(A91="","Missing Ref",IF(COUNTIF($A$2:$A$500,A91)>1,"Duplicate Ref",IF(OR(B91="",C91="",D91="",E91="",G91=""),"Missing Info",IF(AND(G91="Discrepancy",H91=""),"Remark Needed",IF(AND(G91="Verified",I91=""),"Verified Date Needed","OK"))))) -> OK | L91: =IF(G91<>"Pending","",IF(J91="","",IF(J91>Masters!$B$20,"Overdue","Within SLA")))
A92: DOC-0091 | B92: Client | C92: Bharat Auto Components | D92: Bank Details | E92: 46275 | F92: Priya | G92: Verified | I92: 46276 | J92: =IF(G92="Pending",IF(E92="","",Masters!$B$21-E92),"") | K92: =IF(A92="","Missing Ref",IF(COUNTIF($A$2:$A$500,A92)>1,"Duplicate Ref",IF(OR(B92="",C92="",D92="",E92="",G92=""),"Missing Info",IF(AND(G92="Discrepancy",H92=""),"Remark Needed",IF(AND(G92="Verified",I92=""),"Verified Date Needed","OK"))))) -> OK | L92: =IF(G92<>"Pending","",IF(J92="","",IF(J92>Masters!$B$20,"Overdue","Within SLA")))
A93: DOC-0092 | B93: Candidate | C93: Divya Tiwari | D93: Education Certificate | E93: 46275 | G93: Pending | J93: =IF(G93="Pending",IF(E93="","",Masters!$B$21-E93),"") -> 9 | K93: =IF(A93="","Missing Ref",IF(COUNTIF($A$2:$A$500,A93)>1,"Duplicate Ref",IF(OR(B93="",C93="",D93="",E93="",G93=""),"Missing Info",IF(AND(G93="Discrepancy",H93=""),"Remark Needed",IF(AND(G93="Verified",I93=""),"Verified Date Needed","OK"))))) -> OK | L93: =IF(G93<>"Pending","",IF(J93="","",IF(J93>Masters!$B$20,"Overdue","Within SLA"))) -> Overdue
A94: DOC-0093 | B94: Client | C94: Sharma Agro Foods | D94: PAN Card | E94: 46275 | G94: Pending | J94: =IF(G94="Pending",IF(E94="","",Masters!$B$21-E94),"") -> 9 | K94: =IF(A94="","Missing Ref",IF(COUNTIF($A$2:$A$500,A94)>1,"Duplicate Ref",IF(OR(B94="",C94="",D94="",E94="",G94=""),"Missing Info",IF(AND(G94="Discrepancy",H94=""),"Remark Needed",IF(AND(G94="Verified",I94=""),"Verified Date Needed","OK"))))) -> OK | L94: =IF(G94<>"Pending","",IF(J94="","",IF(J94>Masters!$B$20,"Overdue","Within SLA"))) -> Overdue
A95: DOC-0094 | B95: Candidate | C95: Sahil Tiwari | D95: Experience Letter | E95: 46275 | G95: Pending | J95: =IF(G95="Pending",IF(E95="","",Masters!$B$21-E95),"") -> 9 | K95: =IF(A95="","Missing Ref",IF(COUNTIF($A$2:$A$500,A95)>1,"Duplicate Ref",IF(OR(B95="",C95="",D95="",E95="",G95=""),"Missing Info",IF(AND(G95="Discrepancy",H95=""),"Remark Needed",IF(AND(G95="Verified",I95=""),"Verified Date Needed","OK"))))) -> OK | L95: =IF(G95<>"Pending","",IF(J95="","",IF(J95>Masters!$B$20,"Overdue","Within SLA"))) -> Overdue
A96: DOC-0095 | B96: Candidate | C96: Anjali Sharma | D96: Education Certificate | E96: 46276 | F96: Amit | G96: Verified | I96: 46278 | J96: =IF(G96="Pending",IF(E96="","",Masters!$B$21-E96),"") | K96: =IF(A96="","Missing Ref",IF(COUNTIF($A$2:$A$500,A96)>1,"Duplicate Ref",IF(OR(B96="",C96="",D96="",E96="",G96=""),"Missing Info",IF(AND(G96="Discrepancy",H96=""),"Remark Needed",IF(AND(G96="Verified",I96=""),"Verified Date Needed","OK"))))) -> OK | L96: =IF(G96<>"Pending","",IF(J96="","",IF(J96>Masters!$B$20,"Overdue","Within SLA")))
A97: DOC-0096 | B97: Candidate | C97: Karan Verma | D97: Address Proof | E97: 46276 | F97: Amit | G97: Verified | I97: 46276 | J97: =IF(G97="Pending",IF(E97="","",Masters!$B$21-E97),"") | K97: =IF(A97="","Missing Ref",IF(COUNTIF($A$2:$A$500,A97)>1,"Duplicate Ref",IF(OR(B97="",C97="",D97="",E97="",G97=""),"Missing Info",IF(AND(G97="Discrepancy",H97=""),"Remark Needed",IF(AND(G97="Verified",I97=""),"Verified Date Needed","OK"))))) -> OK | L97: =IF(G97<>"Pending","",IF(J97="","",IF(J97>Masters!$B$20,"Overdue","Within SLA")))
A98: DOC-0097 | B98: Client | C98: Sharma Agro Foods | D98: Service Agreement | E98: 46276 | F98: Rahul | G98: Verified | J98: =IF(G98="Pending",IF(E98="","",Masters!$B$21-E98),"") | K98: =IF(A98="","Missing Ref",IF(COUNTIF($A$2:$A$500,A98)>1,"Duplicate Ref",IF(OR(B98="",C98="",D98="",E98="",G98=""),"Missing Info",IF(AND(G98="Discrepancy",H98=""),"Remark Needed",IF(AND(G98="Verified",I98=""),"Verified Date Needed","OK"))))) -> Verified Date Needed | L98: =IF(G98<>"Pending","",IF(J98="","",IF(J98>Masters!$B$20,"Overdue","Within SLA")))
A99: DOC-0098 | B99: Candidate | C99: Neha Pandey | D99: Aadhaar Card | E99: 46276 | F99: Amit | G99: Verified | I99: 46279 | J99: =IF(G99="Pending",IF(E99="","",Masters!$B$21-E99),"") | K99: =IF(A99="","Missing Ref",IF(COUNTIF($A$2:$A$500,A99)>1,"Duplicate Ref",IF(OR(B99="",C99="",D99="",E99="",G99=""),"Missing Info",IF(AND(G99="Discrepancy",H99=""),"Remark Needed",IF(AND(G99="Verified",I99=""),"Verified Date Needed","OK"))))) -> OK | L99: =IF(G99<>"Pending","",IF(J99="","",IF(J99>Masters!$B$20,"Overdue","Within SLA")))
A100: DOC-0099 | B100: Client | C100: Kailash Pharma | D100: PAN Card | E100: 46276 | G100: Pending | J100: =IF(G100="Pending",IF(E100="","",Masters!$B$21-E100),"") -> 8 | K100: =IF(A100="","Missing Ref",IF(COUNTIF($A$2:$A$500,A100)>1,"Duplicate Ref",IF(OR(B100="",C100="",D100="",E100="",G100=""),"Missing Info",IF(AND(G100="Discrepancy",H100=""),"Remark Needed",IF(AND(G100="Verified",I100=""),"Verified Date Needed","OK"))))) -> OK | L100: =IF(G100<>"Pending","",IF(J100="","",IF(J100>Masters!$B$20,"Overdue","Within SLA"))) -> Overdue
A101: DOC-0100 | B101: Candidate | C101: Arjun Verma | D101: Address Proof | E101: 46277 | F101: Amit | G101: Verified | I101: 46280 | J101: =IF(G101="Pending",IF(E101="","",Masters!$B$21-E101),"") | K101: =IF(A101="","Missing Ref",IF(COUNTIF($A$2:$A$500,A101)>1,"Duplicate Ref",IF(OR(B101="",C101="",D101="",E101="",G101=""),"Missing Info",IF(AND(G101="Discrepancy",H101=""),"Remark Needed",IF(AND(G101="Verified",I101=""),"Verified Date Needed","OK"))))) -> OK | L101: =IF(G101<>"Pending","",IF(J101="","",IF(J101>Masters!$B$20,"Overdue","Within SLA")))
A102: DOC-0101 | B102: Candidate | C102: Rohit Pandey | D102: Address Proof | E102: 46277 | G102: Pending | J102: =IF(G102="Pending",IF(E102="","",Masters!$B$21-E102),"") -> 7 | K102: =IF(A102="","Missing Ref",IF(COUNTIF($A$2:$A$500,A102)>1,"Duplicate Ref",IF(OR(B102="",C102="",D102="",E102="",G102=""),"Missing Info",IF(AND(G102="Discrepancy",H102=""),"Remark Needed",IF(AND(G102="Verified",I102=""),"Verified Date Needed","OK"))))) -> OK | L102: =IF(G102<>"Pending","",IF(J102="","",IF(J102>Masters!$B$20,"Overdue","Within SLA"))) -> Within SLA
A103: DOC-0102 | B103: Candidate | C103: Gaurav Sharma | D103: Experience Letter | E103: 46277 | G103: Pending | J103: =IF(G103="Pending",IF(E103="","",Masters!$B$21-E103),"") -> 7 | K103: =IF(A103="","Missing Ref",IF(COUNTIF($A$2:$A$500,A103)>1,"Duplicate Ref",IF(OR(B103="",C103="",D103="",E103="",G103=""),"Missing Info",IF(AND(G103="Discrepancy",H103=""),"Remark Needed",IF(AND(G103="Verified",I103=""),"Verified Date Needed","OK"))))) -> OK | L103: =IF(G103<>"Pending","",IF(J103="","",IF(J103>Masters!$B$20,"Overdue","Within SLA"))) -> Within SLA
A104: DOC-0103 | B104: Candidate | C104: Arjun Verma | D104: Aadhaar Card | E104: 46277 | G104: Pending | J104: =IF(G104="Pending",IF(E104="","",Masters!$B$21-E104),"") -> 7 | K104: =IF(A104="","Missing Ref",IF(COUNTIF($A$2:$A$500,A104)>1,"Duplicate Ref",IF(OR(B104="",C104="",D104="",E104="",G104=""),"Missing Info",IF(AND(G104="Discrepancy",H104=""),"Remark Needed",IF(AND(G104="Verified",I104=""),"Verified Date Needed","OK"))))) -> OK | L104: =IF(G104<>"Pending","",IF(J104="","",IF(J104>Masters!$B$20,"Overdue","Within SLA"))) -> Within SLA
A105: DOC-0104 | B105: Candidate | C105: Aman Pandey | D105: Aadhaar Card | E105: 46278 | F105: Amit | G105: Verified | I105: 46278 | J105: =IF(G105="Pending",IF(E105="","",Masters!$B$21-E105),"") | K105: =IF(A105="","Missing Ref",IF(COUNTIF($A$2:$A$500,A105)>1,"Duplicate Ref",IF(OR(B105="",C105="",D105="",E105="",G105=""),"Missing Info",IF(AND(G105="Discrepancy",H105=""),"Remark Needed",IF(AND(G105="Verified",I105=""),"Verified Date Needed","OK"))))) -> OK | L105: =IF(G105<>"Pending","",IF(J105="","",IF(J105>Masters!$B$20,"Overdue","Within SLA")))
...

Sheet Data Quality
A1: Data Quality Check
A2: Counts come from the Data Check columns (Shipment Data col Q, Doc Verification col K). Filter those columns to find and fix the rows.
A4: Shipment Data checks | B4: Count | C4: What it means / how to fix
A5: Total Records | B5: =COUNTA('Shipment Data'!$A$2:$A$1000) -> 300 | C5: All shipment rows entered.
A6: Clean Records (OK) | B6: =COUNTIF('Shipment Data'!$Q$2:$Q$1000,"OK") -> 279 | C6: Passed every check. Only these rows feed the MIS Report and Dashboard.
A7: Duplicate Shipment ID | B7: =COUNTIF('Shipment Data'!$Q$2:$Q$1000,"Duplicate ID") -> 6 | C7: Same Shipment ID appears more than once (both rows flagged). Delete the repeat or correct the ID.
A8: Missing Field | B8: =COUNTIF('Shipment Data'!$Q$2:$Q$1000,"Missing Field") -> 6 | C8: ID, date, client, route or weight is blank. Fill it from the source document.
